timme,ute_c,pris_sek_kwh,mal_smart,inne_smart,kwh_smart,kr_smart,mal_konstant,inne_konstant,kwh_konstant,kr_konstant
2026-01-01T00:00:00+01:00,-3.8,0.407,12.0,14.0,0.0,0.0,14.0,14.0,0.553,0.225
2026-01-01T01:00:00+01:00,-3.6,0.341,14.0,13.8,1.088,0.371,14.0,14.0,0.544,0.185
2026-01-01T02:00:00+01:00,-3.4,0.19,14.0,14.0,0.535,0.102,14.0,14.0,0.535,0.102
2026-01-01T03:00:00+01:00,-3.7,0.07,16.0,14.0,1.193,0.084,14.0,14.0,0.549,0.039
2026-01-01T04:00:00+01:00,-3.8,0.046,16.0,14.23,1.195,0.055,14.0,14.0,0.553,0.025
2026-01-01T05:00:00+01:00,-4.4,0.035,16.0,14.46,1.204,0.042,14.0,14.0,0.581,0.02
2026-01-01T06:00:00+01:00,-4.7,0.037,16.0,14.68,1.209,0.045,14.0,14.0,0.596,0.022
2026-01-01T07:00:00+01:00,-4.9,0.039,16.0,14.89,1.213,0.048,14.0,14.0,0.606,0.024
2026-01-01T08:00:00+01:00,-5.1,0.046,16.0,15.09,1.216,0.056,14.0,14.0,0.616,0.028
2026-01-01T09:00:00+01:00,-4.9,0.055,16.0,15.29,1.213,0.066,14.0,14.0,0.606,0.033
2026-01-01T10:00:00+01:00,-4.5,0.062,16.0,15.49,1.206,0.074,14.0,14.0,0.586,0.036
2026-01-01T11:00:00+01:00,-3.8,0.07,16.0,15.69,1.195,0.084,14.0,14.0,0.553,0.039
2026-01-01T12:00:00+01:00,-3.4,0.074,16.0,15.9,0.855,0.064,14.0,14.0,0.535,0.04
2026-01-01T13:00:00+01:00,-3.0,0.086,16.0,16.0,0.578,0.05,14.0,14.0,0.517,0.045
2026-01-01T14:00:00+01:00,-2.7,0.115,16.0,16.0,0.564,0.065,14.0,14.0,0.504,0.058
2026-01-01T15:00:00+01:00,-2.3,0.164,16.0,16.0,0.546,0.09,14.0,14.0,0.486,0.08
2026-01-01T16:00:00+01:00,-2.2,0.241,14.0,16.0,0.0,0.0,14.0,14.0,0.482,0.116
2026-01-01T17:00:00+01:00,-2.1,0.304,14.0,15.8,0.0,0.0,14.0,14.0,0.478,0.145
2026-01-01T18:00:00+01:00,-1.7,0.258,14.0,15.59,0.0,0.0,14.0,14.0,0.461,0.119
2026-01-01T19:00:00+01:00,-1.4,0.239,14.0,15.4,0.0,0.0,14.0,14.0,0.449,0.107
2026-01-01T20:00:00+01:00,-1.6,0.224,14.0,15.21,0.0,0.0,14.0,14.0,0.457,0.102
2026-01-01T21:00:00+01:00,-2.9,0.188,16.0,15.02,1.181,0.223,14.0,14.0,0.512,0.097
2026-01-01T22:00:00+01:00,-3.2,0.125,16.0,15.26,1.185,0.148,14.0,14.0,0.526,0.066
2026-01-01T23:00:00+01:00,-3.5,0.084,16.0,15.49,1.19,0.1,14.0,14.0,0.539,0.045
2026-01-02T00:00:00+01:00,-3.9,0.155,16.0,15.71,1.196,0.186,14.0,14.0,0.558,0.087
2026-01-02T01:00:00+01:00,-4.4,0.122,16.0,15.92,0.871,0.106,14.0,14.0,0.581,0.071
2026-01-02T02:00:00+01:00,-4.7,0.106,16.0,16.0,0.66,0.07,14.0,14.0,0.596,0.063
2026-01-02T03:00:00+01:00,-5.2,0.082,16.0,16.0,0.685,0.056,14.0,14.0,0.621,0.051
2026-01-02T04:00:00+01:00,-5.6,0.084,16.0,16.0,0.706,0.059,14.0,14.0,0.641,0.054
2026-01-02T05:00:00+01:00,-6.1,0.162,16.0,16.0,0.733,0.119,14.0,14.0,0.667,0.108
2026-01-02T06:00:00+01:00,-6.6,0.241,14.0,16.0,0.0,0.0,14.0,14.0,0.694,0.167
2026-01-02T07:00:00+01:00,-7.0,0.46,14.0,15.75,0.0,0.0,14.0,14.0,0.716,0.329
2026-01-02T08:00:00+01:00,-7.7,0.646,12.0,15.49,0.0,0.0,14.0,14.0,0.756,0.488
2026-01-02T09:00:00+01:00,-7.8,0.715,12.0,15.23,0.0,0.0,14.0,14.0,0.762,0.544
2026-01-02T10:00:00+01:00,-8.2,0.622,12.0,14.97,0.0,0.0,14.0,14.0,0.785,0.489
2026-01-02T11:00:00+01:00,-8.2,0.601,14.0,14.71,0.0,0.0,14.0,14.0,0.785,0.472
2026-01-02T12:00:00+01:00,-8.3,0.597,14.0,14.45,0.0,0.0,14.0,14.0,0.791,0.472
2026-01-02T13:00:00+01:00,-8.9,0.696,14.0,14.2,0.207,0.144,14.0,14.0,0.828,0.576
2026-01-02T14:00:00+01:00,-8.3,0.694,14.0,14.0,0.791,0.549,14.0,14.0,0.791,0.549
2026-01-02T15:00:00+01:00,-7.9,0.758,14.0,14.0,0.768,0.582,14.0,14.0,0.768,0.582
2026-01-02T16:00:00+01:00,-8.2,0.761,14.0,14.0,0.785,0.598,14.0,14.0,0.785,0.598
2026-01-02T17:00:00+01:00,-8.6,0.754,14.0,14.0,0.81,0.61,14.0,14.0,0.81,0.61
2026-01-02T18:00:00+01:00,-8.7,0.733,14.0,14.0,0.816,0.598,14.0,14.0,0.816,0.598
2026-01-02T19:00:00+01:00,-8.8,0.703,14.0,14.0,0.822,0.578,14.0,14.0,0.822,0.578
2026-01-02T20:00:00+01:00,-9.0,0.659,16.0,14.0,1.29,0.851,14.0,14.0,0.835,0.55
2026-01-02T21:00:00+01:00,-9.0,0.685,16.0,14.14,1.29,0.884,14.0,14.0,0.835,0.572
2026-01-02T22:00:00+01:00,-9.0,0.55,16.0,14.28,1.29,0.709,14.0,14.0,0.835,0.459
2026-01-02T23:00:00+01:00,-9.1,0.423,16.0,14.42,1.292,0.547,14.0,14.0,0.841,0.356
2026-01-03T00:00:00+01:00,-9.3,0.51,16.0,14.55,1.297,0.662,14.0,14.0,0.854,0.436
2026-01-03T01:00:00+01:00,-9.5,0.517,16.0,14.68,1.301,0.673,14.0,14.0,0.867,0.448
2026-01-03T02:00:00+01:00,-9.7,0.489,16.0,14.81,1.306,0.638,14.0,14.0,0.88,0.43
2026-01-03T03:00:00+01:00,-9.5,0.462,16.0,14.93,1.301,0.601,14.0,14.0,0.867,0.4
2026-01-03T04:00:00+01:00,-9.7,0.439,16.0,15.05,1.306,0.573,14.0,14.0,0.88,0.386
2026-01-03T05:00:00+01:00,-9.8,0.485,16.0,15.17,1.308,0.635,14.0,14.0,0.887,0.43
2026-01-03T06:00:00+01:00,-9.9,0.566,16.0,15.28,1.31,0.741,14.0,14.0,0.893,0.505
2026-01-03T07:00:00+01:00,-10.2,0.633,16.0,15.39,1.317,0.833,14.0,14.0,0.914,0.578
2026-01-03T08:00:00+01:00,-10.0,0.733,14.0,15.5,0.0,0.0,14.0,14.0,0.9,0.659
2026-01-03T09:00:00+01:00,-9.9,0.924,12.0,15.21,0.0,0.0,14.0,14.0,0.893,0.826
2026-01-03T10:00:00+01:00,-10.0,0.984,12.0,14.93,0.0,0.0,14.0,14.0,0.9,0.886
2026-01-03T11:00:00+01:00,-10.1,0.902,14.0,14.65,0.0,0.0,14.0,14.0,0.907,0.818
2026-01-03T12:00:00+01:00,-10.1,0.917,14.0,14.37,0.0,0.0,14.0,14.0,0.907,0.831
2026-01-03T13:00:00+01:00,-10.2,0.914,14.0,14.09,0.602,0.55,14.0,14.0,0.914,0.835
2026-01-03T14:00:00+01:00,-9.8,0.929,14.0,14.0,0.887,0.823,14.0,14.0,0.887,0.823
2026-01-03T15:00:00+01:00,-9.7,0.998,14.0,14.0,0.88,0.878,14.0,14.0,0.88,0.878
2026-01-03T16:00:00+01:00,-9.9,1.056,14.0,14.0,0.893,0.943,14.0,14.0,0.893,0.943
2026-01-03T17:00:00+01:00,-10.1,1.163,14.0,14.0,0.907,1.055,14.0,14.0,0.907,1.055
2026-01-03T18:00:00+01:00,-10.2,1.172,14.0,14.0,0.914,1.07,14.0,14.0,0.914,1.07
2026-01-03T19:00:00+01:00,-10.2,1.051,14.0,14.0,0.914,0.961,14.0,14.0,0.914,0.961
2026-01-03T20:00:00+01:00,-10.1,0.926,14.0,14.0,0.907,0.84,14.0,14.0,0.907,0.84
2026-01-03T21:00:00+01:00,-10.2,0.901,14.0,14.0,0.914,0.823,14.0,14.0,0.914,0.823
2026-01-03T22:00:00+01:00,-10.4,0.898,14.0,14.0,0.927,0.833,14.0,14.0,0.927,0.833
2026-01-03T23:00:00+01:00,-10.4,0.887,14.0,14.0,0.927,0.823,14.0,14.0,0.927,0.823
2026-01-04T00:00:00+01:00,-10.3,0.908,14.0,14.0,0.92,0.836,14.0,14.0,0.92,0.836
2026-01-04T01:00:00+01:00,-10.1,0.894,14.0,14.0,0.907,0.811,14.0,14.0,0.907,0.811
2026-01-04T02:00:00+01:00,-10.2,0.891,14.0,14.0,0.914,0.814,14.0,14.0,0.914,0.814
2026-01-04T03:00:00+01:00,-10.0,0.878,14.0,14.0,0.9,0.79,14.0,14.0,0.9,0.79
2026-01-04T04:00:00+01:00,-9.7,0.867,14.0,14.0,0.88,0.763,14.0,14.0,0.88,0.763
2026-01-04T05:00:00+01:00,-9.4,0.875,14.0,14.0,0.86,0.752,14.0,14.0,0.86,0.752
2026-01-04T06:00:00+01:00,-8.6,0.878,14.0,14.0,0.81,0.711,14.0,14.0,0.81,0.711
2026-01-04T07:00:00+01:00,-8.5,0.907,14.0,14.0,0.804,0.729,14.0,14.0,0.804,0.729
2026-01-04T08:00:00+01:00,-8.7,0.926,14.0,14.0,0.816,0.756,14.0,14.0,0.816,0.756
2026-01-04T09:00:00+01:00,-8.6,0.99,14.0,14.0,0.81,0.802,14.0,14.0,0.81,0.802
2026-01-04T10:00:00+01:00,-8.6,1.019,14.0,14.0,0.81,0.825,14.0,14.0,0.81,0.825
2026-01-04T11:00:00+01:00,-8.4,0.983,14.0,14.0,0.797,0.784,14.0,14.0,0.797,0.784
2026-01-04T12:00:00+01:00,-8.6,0.969,14.0,14.0,0.81,0.784,14.0,14.0,0.81,0.784
2026-01-04T13:00:00+01:00,-8.7,0.939,16.0,14.0,1.284,1.205,14.0,14.0,0.816,0.766
2026-01-04T14:00:00+01:00,-8.8,1.001,16.0,14.15,1.286,1.288,14.0,14.0,0.822,0.823
2026-01-04T15:00:00+01:00,-9.2,1.007,16.0,14.29,1.295,1.304,14.0,14.0,0.847,0.854
2026-01-04T16:00:00+01:00,-9.3,1.09,14.0,14.42,0.0,0.0,14.0,14.0,0.854,0.93
2026-01-04T17:00:00+01:00,-9.4,1.281,14.0,14.16,0.352,0.451,14.0,14.0,0.86,1.102
2026-01-04T18:00:00+01:00,-9.5,1.311,14.0,14.0,0.867,1.136,14.0,14.0,0.867,1.136
2026-01-04T19:00:00+01:00,-9.5,1.295,14.0,14.0,0.867,1.122,14.0,14.0,0.867,1.122
2026-01-04T20:00:00+01:00,-10.2,1.216,14.0,14.0,0.914,1.111,14.0,14.0,0.914,1.111
2026-01-04T21:00:00+01:00,-10.5,1.078,16.0,14.0,1.324,1.428,14.0,14.0,0.934,1.007
2026-01-04T22:00:00+01:00,-10.8,1.019,16.0,14.12,1.331,1.356,14.0,14.0,0.955,0.973
2026-01-04T23:00:00+01:00,-11.2,0.949,16.0,14.22,1.341,1.273,14.0,14.0,0.984,0.934
2026-01-05T00:00:00+01:00,-12.2,0.977,16.0,14.32,1.367,1.335,14.0,14.0,1.06,1.036
2026-01-05T01:00:00+01:00,-14.3,0.937,16.0,14.41,1.428,1.338,14.0,14.0,1.239,1.161
2026-01-05T02:00:00+01:00,-16.1,0.912,16.0,14.45,1.488,1.357,14.0,14.0,1.417,1.292
2026-01-05T03:00:00+01:00,-16.3,0.91,16.0,14.46,1.495,1.361,14.0,14.0,1.438,1.309
2026-01-05T04:00:00+01:00,-15.4,0.933,16.0,14.47,1.463,1.365,14.0,14.0,1.345,1.254
2026-01-05T05:00:00+01:00,-15.3,0.979,16.0,14.49,1.46,1.43,14.0,14.0,1.335,1.307
2026-01-05T06:00:00+01:00,-15.6,1.177,14.0,14.52,0.0,0.0,14.0,14.0,1.365,1.607
2026-01-05T07:00:00+01:00,-17.1,1.399,14.0,14.18,0.75,1.049,14.0,14.0,1.526,2.134
2026-01-05T08:00:00+01:00,-19.2,1.635,14.0,14.0,1.494,2.444,14.0,14.0,1.494,2.444
2026-01-05T09:00:00+01:00,-20.6,1.646,14.0,13.96,1.456,2.395,14.0,13.96,1.456,2.395
2026-01-05T10:00:00+01:00,-21.2,1.579,14.0,13.9,1.439,2.272,14.0,13.9,1.439,2.272
2026-01-05T11:00:00+01:00,-21.1,1.514,14.0,13.83,1.442,2.183,14.0,13.83,1.442,2.183
2026-01-05T12:00:00+01:00,-20.9,1.489,14.0,13.76,1.447,2.155,14.0,13.76,1.447,2.155
2026-01-05T13:00:00+01:00,-20.1,1.544,14.0,13.7,1.469,2.269,14.0,13.7,1.469,2.269
2026-01-05T14:00:00+01:00,-19.2,1.721,14.0,13.65,1.494,2.572,14.0,13.65,1.494,2.572
2026-01-05T15:00:00+01:00,-19.0,2.169,14.0,13.61,1.5,3.254,14.0,13.61,1.5,3.254
2026-01-05T16:00:00+01:00,-19.1,2.411,14.0,13.59,1.497,3.609,14.0,13.58,1.497,3.609
2026-01-05T17:00:00+01:00,-19.2,2.47,14.0,13.55,1.494,3.691,14.0,13.55,1.494,3.691
2026-01-05T18:00:00+01:00,-19.3,2.368,14.0,13.52,1.492,3.532,14.0,13.52,1.492,3.532
2026-01-05T19:00:00+01:00,-19.3,1.977,14.0,13.49,1.492,2.949,14.0,13.49,1.492,2.949
2026-01-05T20:00:00+01:00,-20.9,1.59,14.0,13.46,1.447,2.302,14.0,13.45,1.447,2.302
2026-01-05T21:00:00+01:00,-19.9,1.396,14.0,13.39,1.475,2.06,14.0,13.39,1.475,2.06
2026-01-05T22:00:00+01:00,-18.4,1.339,14.0,13.35,1.517,2.032,14.0,13.35,1.517,2.032
2026-01-05T23:00:00+01:00,-17.7,1.204,16.0,13.34,1.536,1.849,14.0,13.34,1.536,1.849
2026-01-06T00:00:00+01:00,-16.6,1.123,16.0,13.33,1.506,1.692,14.0,13.33,1.506,1.692
2026-01-06T01:00:00+01:00,-15.9,1.129,16.0,13.35,1.481,1.671,14.0,13.35,1.481,1.671
2026-01-06T02:00:00+01:00,-16.9,1.094,16.0,13.38,1.518,1.66,14.0,13.38,1.518,1.66
2026-01-06T03:00:00+01:00,-15.8,1.079,16.0,13.39,1.477,1.594,14.0,13.39,1.477,1.594
2026-01-06T04:00:00+01:00,-14.9,1.105,16.0,13.41,1.447,1.599,14.0,13.41,1.447,1.599
2026-01-06T05:00:00+01:00,-14.2,1.153,16.0,13.46,1.424,1.642,14.0,13.46,1.424,1.642
2026-01-06T06:00:00+01:00,-14.0,1.299,14.0,13.52,1.418,1.843,14.0,13.52,1.418,1.843
2026-01-06T07:00:00+01:00,-13.2,1.492,14.0,13.57,1.395,2.081,14.0,13.57,1.395,2.081
2026-01-06T08:00:00+01:00,-12.5,1.777,14.0,13.65,1.375,2.443,14.0,13.65,1.375,2.443
2026-01-06T09:00:00+01:00,-11.6,1.819,14.0,13.73,1.351,2.458,14.0,13.73,1.351,2.458
2026-01-06T10:00:00+01:00,-11.1,1.669,14.0,13.83,1.339,2.234,14.0,13.83,1.339,2.234
2026-01-06T11:00:00+01:00,-10.6,1.587,14.0,13.94,1.154,1.832,14.0,13.94,1.156,1.834
2026-01-06T12:00:00+01:00,-10.5,1.466,14.0,14.0,0.934,1.37,14.0,14.0,0.934,1.37
2026-01-06T13:00:00+01:00,-10.4,1.403,14.0,14.0,0.927,1.301,14.0,14.0,0.927,1.301
2026-01-06T14:00:00+01:00,-9.8,1.408,12.0,14.0,0.0,0.0,14.0,14.0,0.887,1.248
2026-01-06T15:00:00+01:00,-9.9,1.49,12.0,13.73,0.0,0.0,14.0,14.0,0.893,1.331
2026-01-06T16:00:00+01:00,-9.7,1.59,12.0,13.47,0.0,0.0,14.0,14.0,0.88,1.399
2026-01-06T17:00:00+01:00,-9.5,1.662,12.0,13.21,0.0,0.0,14.0,14.0,0.867,1.441
2026-01-06T18:00:00+01:00,-9.3,1.603,12.0,12.95,0.0,0.0,14.0,14.0,0.854,1.368
2026-01-06T19:00:00+01:00,-9.4,1.461,12.0,12.7,0.0,0.0,14.0,14.0,0.86,1.257
2026-01-06T20:00:00+01:00,-9.0,1.235,12.0,12.45,0.0,0.0,14.0,14.0,0.835,1.031
2026-01-06T21:00:00+01:00,-9.0,1.152,14.0,12.21,1.29,1.487,14.0,14.0,0.835,0.962
2026-01-06T22:00:00+01:00,-9.1,1.035,14.0,12.37,1.292,1.338,14.0,14.0,0.841,0.871
2026-01-06T23:00:00+01:00,-8.9,0.86,16.0,12.53,1.288,1.107,14.0,14.0,0.828,0.712
2026-01-07T00:00:00+01:00,-8.0,0.795,16.0,12.69,1.27,1.01,14.0,14.0,0.773,0.615
2026-01-07T01:00:00+01:00,-7.9,0.74,16.0,12.86,1.268,0.938,14.0,14.0,0.768,0.568
2026-01-07T02:00:00+01:00,-8.2,0.674,16.0,13.04,1.274,0.858,14.0,14.0,0.785,0.529
2026-01-07T03:00:00+01:00,-8.0,0.648,16.0,13.2,1.27,0.823,14.0,14.0,0.773,0.501
2026-01-07T04:00:00+01:00,-8.2,0.656,16.0,13.37,1.274,0.836,14.0,14.0,0.785,0.515
2026-01-07T05:00:00+01:00,-8.1,0.752,16.0,13.53,1.272,0.956,14.0,14.0,0.779,0.586
2026-01-07T06:00:00+01:00,-7.7,0.949,14.0,13.69,1.264,1.199,14.0,14.0,0.756,0.717
2026-01-07T07:00:00+01:00,-7.1,1.05,14.0,13.86,1.138,1.194,14.0,14.0,0.722,0.757
2026-01-07T08:00:00+01:00,-6.6,1.147,14.0,14.0,0.694,0.796,14.0,14.0,0.694,0.796
2026-01-07T09:00:00+01:00,-6.2,1.175,12.0,14.0,0.0,0.0,14.0,14.0,0.672,0.79
2026-01-07T10:00:00+01:00,-6.2,1.163,12.0,13.77,0.0,0.0,14.0,14.0,0.672,0.782
2026-01-07T11:00:00+01:00,-6.1,1.102,14.0,13.55,1.233,1.359,14.0,14.0,0.667,0.735
2026-01-07T12:00:00+01:00,-5.5,1.064,14.0,13.75,1.223,1.301,14.0,14.0,0.636,0.677
2026-01-07T13:00:00+01:00,-5.2,1.028,14.0,13.95,0.761,0.783,14.0,14.0,0.621,0.638
2026-01-07T14:00:00+01:00,-6.4,1.036,14.0,14.0,0.683,0.708,14.0,14.0,0.683,0.708
2026-01-07T15:00:00+01:00,-6.7,1.075,14.0,14.0,0.699,0.752,14.0,14.0,0.699,0.752
2026-01-07T16:00:00+01:00,-7.0,1.12,14.0,14.0,0.716,0.802,14.0,14.0,0.716,0.802
2026-01-07T17:00:00+01:00,-7.0,1.314,12.0,14.0,0.0,0.0,14.0,14.0,0.716,0.941
2026-01-07T18:00:00+01:00,-7.0,1.303,12.0,13.76,0.0,0.0,14.0,14.0,0.716,0.933
2026-01-07T19:00:00+01:00,-7.0,1.139,14.0,13.53,1.25,1.424,14.0,14.0,0.716,0.816
2026-01-07T20:00:00+01:00,-7.0,0.828,14.0,13.71,1.25,1.035,14.0,14.0,0.716,0.593
2026-01-07T21:00:00+01:00,-7.2,0.77,16.0,13.89,1.254,0.965,14.0,14.0,0.727,0.56
2026-01-07T22:00:00+01:00,-7.5,0.725,16.0,14.07,1.26,0.914,14.0,14.0,0.744,0.54
2026-01-07T23:00:00+01:00,-7.7,0.567,16.0,14.23,1.264,0.717,14.0,14.0,0.756,0.429
2026-01-08T00:00:00+01:00,-7.6,0.541,16.0,14.39,1.262,0.683,14.0,14.0,0.75,0.406
2026-01-08T01:00:00+01:00,-7.5,0.53,16.0,14.55,1.26,0.667,14.0,14.0,0.744,0.394
2026-01-08T02:00:00+01:00,-7.0,0.529,16.0,14.72,1.25,0.661,14.0,14.0,0.716,0.378
2026-01-08T03:00:00+01:00,-6.7,0.52,16.0,14.88,1.244,0.647,14.0,14.0,0.699,0.364
2026-01-08T04:00:00+01:00,-6.0,0.522,16.0,15.06,1.232,0.643,14.0,14.0,0.662,0.345
2026-01-08T05:00:00+01:00,-5.1,0.527,16.0,15.24,1.216,0.641,14.0,14.0,0.616,0.325
2026-01-08T06:00:00+01:00,-4.2,0.608,16.0,15.43,1.201,0.73,14.0,14.0,0.572,0.348
2026-01-08T07:00:00+01:00,-3.7,0.762,16.0,15.64,1.193,0.909,14.0,14.0,0.549,0.418
2026-01-08T08:00:00+01:00,-3.6,1.242,14.0,15.86,0.0,0.0,14.0,14.0,0.544,0.675
2026-01-08T09:00:00+01:00,-3.3,1.211,14.0,15.64,0.0,0.0,14.0,14.0,0.53,0.642
2026-01-08T10:00:00+01:00,-3.3,1.456,12.0,15.43,0.0,0.0,14.0,14.0,0.53,0.772
2026-01-08T11:00:00+01:00,-3.4,1.465,12.0,15.22,0.0,0.0,14.0,14.0,0.535,0.783
2026-01-08T12:00:00+01:00,-3.4,1.543,12.0,15.01,0.0,0.0,14.0,14.0,0.535,0.825
2026-01-08T13:00:00+01:00,-3.2,1.571,14.0,14.8,0.0,0.0,14.0,14.0,0.526,0.826
2026-01-08T14:00:00+01:00,-3.1,1.63,14.0,14.6,0.0,0.0,14.0,14.0,0.521,0.85
2026-01-08T15:00:00+01:00,-2.8,1.87,14.0,14.4,0.0,0.0,14.0,14.0,0.508,0.95
2026-01-08T16:00:00+01:00,-2.8,1.836,14.0,14.2,0.0,0.0,14.0,14.0,0.508,0.933
2026-01-08T17:00:00+01:00,-2.5,1.795,14.0,14.01,0.463,0.83,14.0,14.0,0.495,0.889
2026-01-08T18:00:00+01:00,-2.5,1.699,14.0,14.0,0.495,0.841,14.0,14.0,0.495,0.841
2026-01-08T19:00:00+01:00,-2.9,1.281,14.0,14.0,0.512,0.656,14.0,14.0,0.512,0.656
2026-01-08T20:00:00+01:00,-2.8,0.954,14.0,14.0,0.508,0.485,14.0,14.0,0.508,0.485
2026-01-08T21:00:00+01:00,-3.3,0.959,14.0,14.0,0.53,0.509,14.0,14.0,0.53,0.509
2026-01-08T22:00:00+01:00,-3.1,0.832,14.0,14.0,0.521,0.434,14.0,14.0,0.521,0.434
2026-01-08T23:00:00+01:00,-3.1,0.668,14.0,14.0,0.521,0.348,14.0,14.0,0.521,0.348
2026-01-09T00:00:00+01:00,-3.3,0.792,14.0,14.0,0.53,0.42,14.0,14.0,0.53,0.42
2026-01-09T01:00:00+01:00,-3.7,0.731,14.0,14.0,0.549,0.401,14.0,14.0,0.549,0.401
2026-01-09T02:00:00+01:00,-3.9,0.603,14.0,14.0,0.558,0.336,14.0,14.0,0.558,0.336
2026-01-09T03:00:00+01:00,-4.5,0.534,14.0,14.0,0.586,0.313,14.0,14.0,0.586,0.313
2026-01-09T04:00:00+01:00,-5.5,0.506,14.0,14.0,0.636,0.322,14.0,14.0,0.636,0.322
2026-01-09T05:00:00+01:00,-6.3,0.593,14.0,14.0,0.678,0.402,14.0,14.0,0.678,0.402
2026-01-09T06:00:00+01:00,-6.4,0.771,14.0,14.0,0.683,0.527,14.0,14.0,0.683,0.527
2026-01-09T07:00:00+01:00,-6.5,0.902,14.0,14.0,0.688,0.621,14.0,14.0,0.688,0.621
2026-01-09T08:00:00+01:00,-6.7,0.956,14.0,14.0,0.699,0.669,14.0,14.0,0.699,0.669
2026-01-09T09:00:00+01:00,-6.6,0.96,14.0,14.0,0.694,0.666,14.0,14.0,0.694,0.666
2026-01-09T10:00:00+01:00,-6.8,1.01,14.0,14.0,0.705,0.712,14.0,14.0,0.705,0.712
2026-01-09T11:00:00+01:00,-6.5,0.927,14.0,14.0,0.688,0.638,14.0,14.0,0.688,0.638
2026-01-09T12:00:00+01:00,-5.8,0.908,14.0,14.0,0.651,0.591,14.0,14.0,0.651,0.591
2026-01-09T13:00:00+01:00,-5.2,0.907,14.0,14.0,0.621,0.563,14.0,14.0,0.621,0.563
2026-01-09T14:00:00+01:00,-5.2,0.908,14.0,14.0,0.621,0.564,14.0,14.0,0.621,0.564
2026-01-09T15:00:00+01:00,-5.5,0.923,14.0,14.0,0.636,0.587,14.0,14.0,0.636,0.587
2026-01-09T16:00:00+01:00,-4.9,0.944,14.0,14.0,0.606,0.572,14.0,14.0,0.606,0.572
2026-01-09T17:00:00+01:00,-5.8,0.995,14.0,14.0,0.651,0.648,14.0,14.0,0.651,0.648
2026-01-09T18:00:00+01:00,-5.7,0.967,14.0,14.0,0.646,0.625,14.0,14.0,0.646,0.625
2026-01-09T19:00:00+01:00,-6.3,0.919,14.0,14.0,0.678,0.623,14.0,14.0,0.678,0.623
2026-01-09T20:00:00+01:00,-6.4,0.892,14.0,14.0,0.683,0.609,14.0,14.0,0.683,0.609
2026-01-09T21:00:00+01:00,-6.2,0.861,16.0,14.0,1.235,1.063,14.0,14.0,0.672,0.579
2026-01-09T22:00:00+01:00,-7.0,0.862,16.0,14.19,1.25,1.077,14.0,14.0,0.716,0.617
2026-01-09T23:00:00+01:00,-7.7,0.785,16.0,14.36,1.264,0.992,14.0,14.0,0.756,0.593
2026-01-10T00:00:00+01:00,-7.8,0.665,16.0,14.52,1.266,0.842,14.0,14.0,0.762,0.507
2026-01-10T01:00:00+01:00,-9.0,0.689,16.0,14.68,1.29,0.888,14.0,14.0,0.835,0.575
2026-01-10T02:00:00+01:00,-11.0,0.675,16.0,14.81,1.336,0.902,14.0,14.0,0.97,0.654
2026-01-10T03:00:00+01:00,-12.3,0.684,16.0,14.91,1.37,0.937,14.0,14.0,1.068,0.731
2026-01-10T04:00:00+01:00,-13.5,0.683,16.0,14.98,1.403,0.958,14.0,14.0,1.167,0.797
2026-01-10T05:00:00+01:00,-14.6,0.703,16.0,15.04,1.437,1.011,14.0,14.0,1.267,0.891
2026-01-10T06:00:00+01:00,-16.1,0.742,16.0,15.07,1.488,1.104,14.0,14.0,1.417,1.051
2026-01-10T07:00:00+01:00,-17.2,0.82,16.0,15.07,1.53,1.255,14.0,14.0,1.53,1.255
2026-01-10T08:00:00+01:00,-18.2,0.901,14.0,15.06,0.0,0.0,14.0,14.0,1.522,1.371
2026-01-10T09:00:00+01:00,-18.9,0.966,14.0,14.68,0.0,0.0,14.0,13.98,1.503,1.451
2026-01-10T10:00:00+01:00,-19.2,1.015,14.0,14.31,0.314,0.319,14.0,13.95,1.494,1.517
2026-01-10T11:00:00+01:00,-19.4,1.057,14.0,14.0,1.489,1.573,14.0,13.91,1.489,1.573
2026-01-10T12:00:00+01:00,-18.3,1.057,14.0,13.96,1.519,1.606,14.0,13.87,1.519,1.606
2026-01-10T13:00:00+01:00,-17.1,1.092,14.0,13.94,1.526,1.667,14.0,13.85,1.526,1.667
2026-01-10T14:00:00+01:00,-17.0,1.147,14.0,13.94,1.522,1.745,14.0,13.85,1.522,1.745
2026-01-10T15:00:00+01:00,-16.9,1.218,14.0,13.94,1.518,1.849,14.0,13.85,1.518,1.849
2026-01-10T16:00:00+01:00,-17.3,1.332,14.0,13.94,1.534,2.043,14.0,13.86,1.534,2.043
2026-01-10T17:00:00+01:00,-17.9,1.452,14.0,13.94,1.531,2.222,14.0,13.86,1.531,2.222
2026-01-10T18:00:00+01:00,-18.3,1.424,14.0,13.93,1.519,2.164,14.0,13.84,1.519,2.164
2026-01-10T19:00:00+01:00,-18.9,1.336,14.0,13.91,1.503,2.007,14.0,13.82,1.503,2.007
2026-01-10T20:00:00+01:00,-21.2,1.244,14.0,13.88,1.439,1.79,14.0,13.79,1.439,1.79
2026-01-10T21:00:00+01:00,-21.3,1.156,14.0,13.8,1.436,1.66,14.0,13.72,1.436,1.66
2026-01-10T22:00:00+01:00,-21.0,1.052,14.0,13.73,1.444,1.52,14.0,13.65,1.444,1.52
2026-01-10T23:00:00+01:00,-20.8,0.945,16.0,13.67,1.45,1.37,14.0,13.59,1.45,1.37
2026-01-11T00:00:00+01:00,-20.7,0.857,16.0,13.61,1.453,1.245,14.0,13.53,1.453,1.245
2026-01-11T01:00:00+01:00,-20.7,0.837,16.0,13.55,1.453,1.215,14.0,13.47,1.453,1.215
2026-01-11T02:00:00+01:00,-21.7,0.822,16.0,13.49,1.425,1.171,14.0,13.41,1.425,1.171
2026-01-11T03:00:00+01:00,-21.4,0.839,16.0,13.41,1.433,1.203,14.0,13.34,1.433,1.203
2026-01-11T04:00:00+01:00,-21.2,0.839,16.0,13.34,1.439,1.207,14.0,13.27,1.439,1.207
2026-01-11T05:00:00+01:00,-20.9,0.852,16.0,13.28,1.447,1.233,14.0,13.2,1.447,1.233
2026-01-11T06:00:00+01:00,-20.7,0.843,16.0,13.22,1.453,1.225,14.0,13.15,1.453,1.225
2026-01-11T07:00:00+01:00,-20.3,0.859,16.0,13.17,1.464,1.257,14.0,13.09,1.464,1.257
2026-01-11T08:00:00+01:00,-22.0,0.916,16.0,13.12,1.417,1.297,14.0,13.05,1.417,1.297
2026-01-11T09:00:00+01:00,-21.4,1.055,14.0,13.04,1.433,1.513,14.0,12.97,1.433,1.513
2026-01-11T10:00:00+01:00,-20.9,1.045,14.0,12.98,1.447,1.512,14.0,12.91,1.447,1.512
2026-01-11T11:00:00+01:00,-20.1,1.04,14.0,12.92,1.469,1.528,14.0,12.85,1.469,1.528
2026-01-11T12:00:00+01:00,-18.6,1.014,14.0,12.88,1.511,1.532,14.0,12.81,1.511,1.532
2026-01-11T13:00:00+01:00,-17.5,1.008,14.0,12.87,1.542,1.554,14.0,12.8,1.542,1.554
2026-01-11T14:00:00+01:00,-17.0,1.033,14.0,12.87,1.522,1.571,14.0,12.8,1.522,1.571
2026-01-11T15:00:00+01:00,-16.0,1.065,14.0,12.89,1.484,1.581,14.0,12.82,1.484,1.581
2026-01-11T16:00:00+01:00,-16.0,1.207,14.0,12.92,1.484,1.792,14.0,12.85,1.484,1.792
2026-01-11T17:00:00+01:00,-15.1,1.273,14.0,12.95,1.453,1.85,14.0,12.88,1.453,1.85
2026-01-11T18:00:00+01:00,-13.5,1.226,14.0,12.99,1.403,1.72,14.0,12.93,1.403,1.72
2026-01-11T19:00:00+01:00,-13.2,1.121,14.0,13.07,1.395,1.564,14.0,13.0,1.395,1.564
2026-01-11T20:00:00+01:00,-15.7,0.996,14.0,13.15,1.474,1.468,14.0,13.08,1.474,1.468
2026-01-11T21:00:00+01:00,-15.8,0.979,16.0,13.18,1.477,1.446,14.0,13.12,1.477,1.446
2026-01-11T22:00:00+01:00,-16.5,0.968,16.0,13.21,1.503,1.454,14.0,13.15,1.503,1.454
2026-01-11T23:00:00+01:00,-18.2,0.887,16.0,13.23,1.522,1.35,14.0,13.17,1.522,1.35
2026-01-12T00:00:00+01:00,-19.0,0.851,16.0,13.22,1.5,1.277,14.0,13.16,1.5,1.277
2026-01-12T01:00:00+01:00,-19.7,0.839,16.0,13.19,1.481,1.243,14.0,13.14,1.481,1.243
2026-01-12T02:00:00+01:00,-19.8,0.833,16.0,13.16,1.478,1.231,14.0,13.1,1.478,1.231
2026-01-12T03:00:00+01:00,-19.6,0.821,16.0,13.12,1.483,1.218,14.0,13.06,1.483,1.218
2026-01-12T04:00:00+01:00,-17.8,0.823,16.0,13.08,1.533,1.262,14.0,13.03,1.533,1.262
2026-01-12T05:00:00+01:00,-16.3,0.855,16.0,13.08,1.495,1.279,14.0,13.03,1.495,1.279
2026-01-12T06:00:00+01:00,-15.6,1.053,14.0,13.11,1.47,1.549,14.0,13.05,1.47,1.549
2026-01-12T07:00:00+01:00,-14.8,1.476,14.0,13.14,1.443,2.13,14.0,13.09,1.443,2.13
2026-01-12T08:00:00+01:00,-14.2,1.79,14.0,13.19,1.424,2.549,14.0,13.14,1.424,2.549
2026-01-12T09:00:00+01:00,-13.3,1.702,14.0,13.25,1.397,2.379,14.0,13.2,1.397,2.379
2026-01-12T10:00:00+01:00,-12.6,2.2,14.0,13.32,1.378,3.031,14.0,13.27,1.378,3.031
2026-01-12T11:00:00+01:00,-11.6,2.228,14.0,13.41,1.351,3.01,14.0,13.36,1.351,3.01
2026-01-12T12:00:00+01:00,-10.7,2.112,14.0,13.51,1.329,2.807,14.0,13.46,1.329,2.807
2026-01-12T13:00:00+01:00,-9.8,1.773,12.0,13.63,0.0,0.0,14.0,13.58,1.308,2.319
2026-01-12T14:00:00+01:00,-9.9,1.511,12.0,13.37,0.0,0.0,14.0,13.71,1.31,1.98
2026-01-12T15:00:00+01:00,-9.6,1.534,12.0,13.1,0.0,0.0,14.0,13.84,1.303,2.0
2026-01-12T16:00:00+01:00,-9.5,1.4,12.0,12.85,0.0,0.0,14.0,13.97,0.958,1.341
2026-01-12T17:00:00+01:00,-9.5,1.293,12.0,12.6,0.0,0.0,14.0,14.0,0.867,1.121
2026-01-12T18:00:00+01:00,-9.0,1.284,12.0,12.35,0.0,0.0,14.0,14.0,0.835,1.072
2026-01-12T19:00:00+01:00,-8.4,1.093,14.0,12.11,1.278,1.397,14.0,14.0,0.797,0.872
2026-01-12T20:00:00+01:00,-9.5,1.008,14.0,12.28,1.301,1.311,14.0,14.0,0.867,0.873
2026-01-12T21:00:00+01:00,-9.0,0.994,14.0,12.43,1.29,1.283,14.0,14.0,0.835,0.83
2026-01-12T22:00:00+01:00,-8.7,0.926,16.0,12.59,1.284,1.189,14.0,14.0,0.816,0.756
2026-01-12T23:00:00+01:00,-8.7,0.825,16.0,12.75,1.284,1.059,14.0,14.0,0.816,0.673
2026-01-13T00:00:00+01:00,-8.6,0.774,16.0,12.92,1.282,0.992,14.0,14.0,0.81,0.627
2026-01-13T01:00:00+01:00,-8.6,0.745,16.0,13.08,1.282,0.955,14.0,14.0,0.81,0.603
2026-01-13T02:00:00+01:00,-8.5,0.768,16.0,13.23,1.28,0.983,14.0,14.0,0.804,0.617
2026-01-13T03:00:00+01:00,-8.5,0.75,16.0,13.39,1.28,0.959,14.0,14.0,0.804,0.602
2026-01-13T04:00:00+01:00,-8.2,0.801,16.0,13.55,1.274,1.02,14.0,14.0,0.785,0.629
2026-01-13T05:00:00+01:00,-8.0,0.845,16.0,13.71,1.27,1.073,14.0,14.0,0.773,0.654
2026-01-13T06:00:00+01:00,-7.7,0.969,14.0,13.87,1.147,1.111,14.0,14.0,0.756,0.732
2026-01-13T07:00:00+01:00,-7.4,1.219,14.0,14.0,0.738,0.9,14.0,14.0,0.738,0.9
2026-01-13T08:00:00+01:00,-7.9,1.359,12.0,14.0,0.0,0.0,14.0,14.0,0.768,1.043
2026-01-13T09:00:00+01:00,-7.8,1.363,12.0,13.75,0.0,0.0,14.0,14.0,0.762,1.038
2026-01-13T10:00:00+01:00,-7.6,1.472,12.0,13.51,0.0,0.0,14.0,14.0,0.75,1.104
2026-01-13T11:00:00+01:00,-7.3,1.303,12.0,13.27,0.0,0.0,14.0,14.0,0.733,0.955
2026-01-13T12:00:00+01:00,-6.8,1.248,14.0,13.04,1.246,1.555,14.0,14.0,0.705,0.879
2026-01-13T13:00:00+01:00,-6.3,1.192,12.0,13.23,0.0,0.0,14.0,14.0,0.678,0.808
2026-01-13T14:00:00+01:00,-5.8,1.258,12.0,13.01,0.0,0.0,14.0,14.0,0.651,0.819
2026-01-13T15:00:00+01:00,-5.7,1.249,12.0,12.8,0.0,0.0,14.0,14.0,0.646,0.807
2026-01-13T16:00:00+01:00,-5.7,1.286,12.0,12.59,0.0,0.0,14.0,14.0,0.646,0.831
2026-01-13T17:00:00+01:00,-5.6,1.286,12.0,12.39,0.0,0.0,14.0,14.0,0.641,0.824
2026-01-13T18:00:00+01:00,-5.6,1.158,12.0,12.19,0.044,0.051,14.0,14.0,0.641,0.742
2026-01-13T19:00:00+01:00,-5.6,1.035,12.0,12.0,0.576,0.595,14.0,14.0,0.641,0.663
2026-01-13T20:00:00+01:00,-5.4,0.946,14.0,12.0,1.221,1.155,14.0,14.0,0.631,0.597
2026-01-13T21:00:00+01:00,-5.0,0.927,14.0,12.23,1.214,1.126,14.0,14.0,0.611,0.566
2026-01-13T22:00:00+01:00,-4.7,0.798,14.0,12.46,1.209,0.965,14.0,14.0,0.596,0.476
2026-01-13T23:00:00+01:00,-4.3,0.667,16.0,12.69,1.203,0.802,14.0,14.0,0.577,0.384
2026-01-14T00:00:00+01:00,-3.7,0.522,16.0,12.93,1.193,0.622,14.0,14.0,0.549,0.286
2026-01-14T01:00:00+01:00,-3.2,0.509,16.0,13.18,1.185,0.604,14.0,14.0,0.526,0.268
2026-01-14T02:00:00+01:00,-3.0,0.448,16.0,13.43,1.182,0.53,14.0,14.0,0.517,0.232
2026-01-14T03:00:00+01:00,-2.6,0.393,16.0,13.68,1.176,0.463,14.0,14.0,0.499,0.196
2026-01-14T04:00:00+01:00,-2.3,0.35,16.0,13.94,1.172,0.41,14.0,14.0,0.486,0.17
2026-01-14T05:00:00+01:00,-1.9,0.373,16.0,14.2,1.166,0.435,14.0,14.0,0.469,0.175
2026-01-14T06:00:00+01:00,-1.6,0.494,16.0,14.46,1.162,0.574,14.0,14.0,0.457,0.226
2026-01-14T07:00:00+01:00,-1.4,0.752,16.0,14.73,1.159,0.872,14.0,14.0,0.449,0.338
2026-01-14T08:00:00+01:00,-1.7,0.968,14.0,14.99,0.0,0.0,14.0,14.0,0.461,0.447
2026-01-14T09:00:00+01:00,-1.8,0.993,14.0,14.8,0.0,0.0,14.0,14.0,0.465,0.462
2026-01-14T10:00:00+01:00,-1.9,0.903,14.0,14.62,0.0,0.0,14.0,14.0,0.469,0.424
2026-01-14T11:00:00+01:00,-1.7,0.965,14.0,14.43,0.0,0.0,14.0,14.0,0.461,0.445
2026-01-14T12:00:00+01:00,-1.6,0.902,14.0,14.25,0.0,0.0,14.0,14.0,0.457,0.412
2026-01-14T13:00:00+01:00,-1.4,0.869,14.0,14.07,0.266,0.231,14.0,14.0,0.449,0.39
2026-01-14T14:00:00+01:00,-1.2,0.922,14.0,14.0,0.441,0.406,14.0,14.0,0.441,0.406
2026-01-14T15:00:00+01:00,-1.1,0.997,14.0,14.0,0.437,0.435,14.0,14.0,0.437,0.435
2026-01-14T16:00:00+01:00,-1.0,1.008,14.0,14.0,0.433,0.436,14.0,14.0,0.433,0.436
2026-01-14T17:00:00+01:00,-1.0,1.143,12.0,14.0,0.0,0.0,14.0,14.0,0.433,0.494
2026-01-14T18:00:00+01:00,-1.0,1.159,12.0,13.83,0.0,0.0,14.0,14.0,0.433,0.502
2026-01-14T19:00:00+01:00,-1.1,1.04,12.0,13.66,0.0,0.0,14.0,14.0,0.437,0.454
2026-01-14T20:00:00+01:00,-1.3,0.894,14.0,13.5,1.158,1.035,14.0,14.0,0.445,0.397
2026-01-14T21:00:00+01:00,-1.4,0.79,16.0,13.78,1.159,0.915,14.0,14.0,0.449,0.354
2026-01-14T22:00:00+01:00,-1.4,0.737,16.0,14.06,1.159,0.854,14.0,14.0,0.449,0.331
2026-01-14T23:00:00+01:00,-1.5,0.689,16.0,14.33,1.161,0.8,14.0,14.0,0.453,0.312
2026-01-15T00:00:00+01:00,-1.5,0.779,16.0,14.6,1.161,0.904,14.0,14.0,0.453,0.353
2026-01-15T01:00:00+01:00,-2.3,0.801,16.0,14.86,1.172,0.938,14.0,14.0,0.486,0.389
2026-01-15T02:00:00+01:00,-2.0,0.792,16.0,15.11,1.168,0.925,14.0,14.0,0.474,0.375
2026-01-15T03:00:00+01:00,-2.2,0.765,16.0,15.36,1.171,0.896,14.0,14.0,0.482,0.369
2026-01-15T04:00:00+01:00,-2.0,0.778,16.0,15.61,1.168,0.908,14.0,14.0,0.474,0.368
2026-01-15T05:00:00+01:00,-2.1,0.835,16.0,15.86,0.915,0.763,14.0,14.0,0.478,0.399
2026-01-15T06:00:00+01:00,-1.7,0.929,14.0,16.0,0.0,0.0,14.0,14.0,0.461,0.428
2026-01-15T07:00:00+01:00,-2.1,1.01,14.0,15.8,0.0,0.0,14.0,14.0,0.478,0.483
2026-01-15T08:00:00+01:00,-2.4,1.014,12.0,15.6,0.0,0.0,14.0,14.0,0.491,0.498
2026-01-15T09:00:00+01:00,-2.7,1.043,12.0,15.4,0.0,0.0,14.0,14.0,0.504,0.525
2026-01-15T10:00:00+01:00,-3.4,1.027,12.0,15.19,0.0,0.0,14.0,14.0,0.535,0.549
2026-01-15T11:00:00+01:00,-3.7,1.014,14.0,14.98,0.0,0.0,14.0,14.0,0.549,0.556
2026-01-15T12:00:00+01:00,-3.6,0.977,14.0,14.77,0.0,0.0,14.0,14.0,0.544,0.531
2026-01-15T13:00:00+01:00,-3.4,1.027,14.0,14.57,0.0,0.0,14.0,14.0,0.535,0.549
2026-01-15T14:00:00+01:00,-3.2,1.026,14.0,14.37,0.0,0.0,14.0,14.0,0.526,0.54
2026-01-15T15:00:00+01:00,-2.9,1.169,14.0,14.17,0.066,0.077,14.0,14.0,0.512,0.599
2026-01-15T16:00:00+01:00,-2.8,1.279,14.0,14.0,0.508,0.65,14.0,14.0,0.508,0.65
2026-01-15T17:00:00+01:00,-2.6,1.349,14.0,14.0,0.499,0.674,14.0,14.0,0.499,0.674
2026-01-15T18:00:00+01:00,-2.2,1.119,14.0,14.0,0.482,0.54,14.0,14.0,0.482,0.54
2026-01-15T19:00:00+01:00,-1.4,0.998,14.0,14.0,0.449,0.448,14.0,14.0,0.449,0.448
2026-01-15T20:00:00+01:00,-1.8,0.927,14.0,14.0,0.465,0.431,14.0,14.0,0.465,0.431
2026-01-15T21:00:00+01:00,-1.1,0.865,14.0,14.0,0.437,0.378,14.0,14.0,0.437,0.378
2026-01-15T22:00:00+01:00,-0.6,0.767,14.0,14.0,0.417,0.32,14.0,14.0,0.417,0.32
2026-01-15T23:00:00+01:00,-0.2,0.621,14.0,14.0,0.401,0.249,14.0,14.0,0.401,0.249
2026-01-16T00:00:00+01:00,0.0,0.654,14.0,14.0,0.394,0.258,14.0,14.0,0.394,0.258
2026-01-16T01:00:00+01:00,0.1,0.58,14.0,14.0,0.39,0.226,14.0,14.0,0.39,0.226
2026-01-16T02:00:00+01:00,-0.6,0.517,14.0,14.0,0.417,0.216,14.0,14.0,0.417,0.216
2026-01-16T03:00:00+01:00,-0.5,0.481,14.0,14.0,0.413,0.199,14.0,14.0,0.413,0.199
2026-01-16T04:00:00+01:00,-0.3,0.507,14.0,14.0,0.405,0.206,14.0,14.0,0.405,0.206
2026-01-16T05:00:00+01:00,-0.2,0.536,14.0,14.0,0.401,0.215,14.0,14.0,0.401,0.215
2026-01-16T06:00:00+01:00,-0.1,0.598,14.0,14.0,0.398,0.238,14.0,14.0,0.398,0.238
2026-01-16T07:00:00+01:00,0.1,0.734,14.0,14.0,0.39,0.286,14.0,14.0,0.39,0.286
2026-01-16T08:00:00+01:00,-0.2,0.754,14.0,14.0,0.401,0.303,14.0,14.0,0.401,0.303
2026-01-16T09:00:00+01:00,0.1,0.725,14.0,14.0,0.39,0.283,14.0,14.0,0.39,0.283
2026-01-16T10:00:00+01:00,0.4,0.692,14.0,14.0,0.379,0.262,14.0,14.0,0.379,0.262
2026-01-16T11:00:00+01:00,0.8,0.67,14.0,14.0,0.364,0.244,14.0,14.0,0.364,0.244
2026-01-16T12:00:00+01:00,1.3,0.674,14.0,14.0,0.346,0.233,14.0,14.0,0.346,0.233
2026-01-16T13:00:00+01:00,2.1,0.653,16.0,14.0,1.115,0.728,14.0,14.0,0.318,0.208
2026-01-16T14:00:00+01:00,1.8,0.754,14.0,14.34,0.0,0.0,14.0,14.0,0.328,0.248
2026-01-16T15:00:00+01:00,2.2,0.75,14.0,14.19,0.0,0.0,14.0,14.0,0.315,0.236
2026-01-16T16:00:00+01:00,2.1,0.833,14.0,14.06,0.178,0.148,14.0,14.0,0.318,0.265
2026-01-16T17:00:00+01:00,2.1,0.739,14.0,14.0,0.318,0.235,14.0,14.0,0.318,0.235
2026-01-16T18:00:00+01:00,2.1,0.741,14.0,14.0,0.318,0.236,14.0,14.0,0.318,0.236
2026-01-16T19:00:00+01:00,2.1,0.708,14.0,14.0,0.318,0.225,14.0,14.0,0.318,0.225
2026-01-16T20:00:00+01:00,1.5,0.693,16.0,14.0,1.122,0.777,14.0,14.0,0.339,0.235
2026-01-16T21:00:00+01:00,1.8,0.662,16.0,14.32,1.118,0.741,14.0,14.0,0.328,0.217
2026-01-16T22:00:00+01:00,2.3,0.661,16.0,14.65,1.113,0.735,14.0,14.0,0.311,0.206
2026-01-16T23:00:00+01:00,2.5,0.619,16.0,14.98,1.11,0.688,14.0,14.0,0.304,0.189
2026-01-17T00:00:00+01:00,2.7,0.708,16.0,15.31,1.108,0.785,14.0,14.0,0.298,0.211
2026-01-17T01:00:00+01:00,2.8,0.512,16.0,15.65,1.107,0.566,14.0,14.0,0.294,0.151
2026-01-17T02:00:00+01:00,2.5,0.371,16.0,15.98,0.415,0.154,14.0,14.0,0.304,0.113
2026-01-17T03:00:00+01:00,2.8,0.489,16.0,16.0,0.347,0.17,14.0,14.0,0.294,0.144
2026-01-17T04:00:00+01:00,2.9,0.654,16.0,16.0,0.344,0.225,14.0,14.0,0.291,0.19
2026-01-17T05:00:00+01:00,2.9,0.686,16.0,16.0,0.344,0.236,14.0,14.0,0.291,0.2
2026-01-17T06:00:00+01:00,2.8,0.686,16.0,16.0,0.347,0.238,14.0,14.0,0.294,0.202
2026-01-17T07:00:00+01:00,2.6,0.74,14.0,16.0,0.0,0.0,14.0,14.0,0.301,0.223
2026-01-17T08:00:00+01:00,2.3,0.806,14.0,15.85,0.0,0.0,14.0,14.0,0.311,0.251
2026-01-17T09:00:00+01:00,2.1,0.86,12.0,15.7,0.0,0.0,14.0,14.0,0.318,0.273
2026-01-17T10:00:00+01:00,1.1,0.872,12.0,15.54,0.0,0.0,14.0,14.0,0.353,0.308
2026-01-17T11:00:00+01:00,0.0,0.851,14.0,15.38,0.0,0.0,14.0,14.0,0.394,0.335
2026-01-17T12:00:00+01:00,0.3,0.848,14.0,15.21,0.0,0.0,14.0,14.0,0.382,0.324
2026-01-17T13:00:00+01:00,0.7,0.834,16.0,15.04,1.132,0.944,14.0,14.0,0.368,0.307
2026-01-17T14:00:00+01:00,1.0,0.872,16.0,15.34,1.128,0.984,14.0,14.0,0.357,0.311
2026-01-17T15:00:00+01:00,-0.1,0.936,14.0,15.64,0.0,0.0,14.0,14.0,0.398,0.372
2026-01-17T16:00:00+01:00,-1.1,1.036,14.0,15.46,0.0,0.0,14.0,14.0,0.437,0.452
2026-01-17T17:00:00+01:00,-1.8,1.102,12.0,15.28,0.0,0.0,14.0,14.0,0.465,0.513
2026-01-17T18:00:00+01:00,-1.9,1.052,12.0,15.09,0.0,0.0,14.0,14.0,0.469,0.494
2026-01-17T19:00:00+01:00,-3.0,1.025,14.0,14.89,0.0,0.0,14.0,14.0,0.517,0.53
2026-01-17T20:00:00+01:00,-3.8,0.914,14.0,14.69,0.0,0.0,14.0,14.0,0.553,0.506
2026-01-17T21:00:00+01:00,-4.1,0.862,16.0,14.49,1.2,1.034,14.0,14.0,0.567,0.489
2026-01-17T22:00:00+01:00,-4.8,0.873,16.0,14.71,1.211,1.058,14.0,14.0,0.601,0.525
2026-01-17T23:00:00+01:00,-5.3,0.84,16.0,14.91,1.219,1.024,14.0,14.0,0.626,0.525
2026-01-18T00:00:00+01:00,-5.6,0.868,16.0,15.11,1.225,1.063,14.0,14.0,0.641,0.556
2026-01-18T01:00:00+01:00,-5.7,0.849,16.0,15.3,1.226,1.041,14.0,14.0,0.646,0.548
2026-01-18T02:00:00+01:00,-5.7,0.797,16.0,15.48,1.226,0.977,14.0,14.0,0.646,0.515
2026-01-18T03:00:00+01:00,-6.6,0.885,16.0,15.66,1.243,1.1,14.0,14.0,0.694,0.614
2026-01-18T04:00:00+01:00,-7.1,0.859,16.0,15.83,1.252,1.075,14.0,14.0,0.722,0.62
2026-01-18T05:00:00+01:00,-6.9,0.869,16.0,15.98,0.83,0.722,14.0,14.0,0.71,0.617
2026-01-18T06:00:00+01:00,-5.9,0.831,16.0,16.0,0.723,0.601,14.0,14.0,0.657,0.546
2026-01-18T07:00:00+01:00,-5.6,0.952,14.0,16.0,0.0,0.0,14.0,14.0,0.641,0.61
2026-01-18T08:00:00+01:00,-4.8,0.991,14.0,15.76,0.0,0.0,14.0,14.0,0.601,0.596
2026-01-18T09:00:00+01:00,-4.6,1.027,14.0,15.53,0.0,0.0,14.0,14.0,0.591,0.607
2026-01-18T10:00:00+01:00,-4.3,1.05,12.0,15.3,0.0,0.0,14.0,14.0,0.577,0.606
2026-01-18T11:00:00+01:00,-4.1,1.023,14.0,15.08,0.0,0.0,14.0,14.0,0.567,0.58
2026-01-18T12:00:00+01:00,-3.6,1.004,14.0,14.86,0.0,0.0,14.0,14.0,0.544,0.546
2026-01-18T13:00:00+01:00,-3.3,1.008,16.0,14.66,1.187,1.196,14.0,14.0,0.53,0.535
2026-01-18T14:00:00+01:00,-3.3,1.048,16.0,14.89,1.187,1.244,14.0,14.0,0.53,0.556
2026-01-18T15:00:00+01:00,-3.2,1.099,16.0,15.12,1.185,1.303,14.0,14.0,0.526,0.578
2026-01-18T16:00:00+01:00,-3.1,1.195,14.0,15.35,0.0,0.0,14.0,14.0,0.521,0.623
2026-01-18T17:00:00+01:00,-3.0,1.348,14.0,15.14,0.0,0.0,14.0,14.0,0.517,0.697
2026-01-18T18:00:00+01:00,-2.9,1.45,12.0,14.94,0.0,0.0,14.0,14.0,0.512,0.743
2026-01-18T19:00:00+01:00,-2.8,1.283,14.0,14.74,0.0,0.0,14.0,14.0,0.508,0.652
2026-01-18T20:00:00+01:00,-3.4,1.202,14.0,14.54,0.0,0.0,14.0,14.0,0.535,0.643
2026-01-18T21:00:00+01:00,-3.3,1.109,16.0,14.34,1.187,1.317,14.0,14.0,0.53,0.588
2026-01-18T22:00:00+01:00,-3.2,1.066,16.0,14.58,1.185,1.264,14.0,14.0,0.526,0.561
2026-01-18T23:00:00+01:00,-3.0,1.052,16.0,14.81,1.182,1.243,14.0,14.0,0.517,0.544
2026-01-19T00:00:00+01:00,-2.9,0.977,16.0,15.05,1.181,1.154,14.0,14.0,0.512,0.501
2026-01-19T01:00:00+01:00,-2.7,0.96,16.0,15.29,1.178,1.131,14.0,14.0,0.504,0.483
2026-01-19T02:00:00+01:00,-2.9,0.958,16.0,15.52,1.181,1.132,14.0,14.0,0.512,0.491
2026-01-19T03:00:00+01:00,-2.6,0.955,16.0,15.75,1.176,1.123,14.0,14.0,0.499,0.477
2026-01-19T04:00:00+01:00,-2.4,0.959,16.0,15.99,0.585,0.561,14.0,14.0,0.491,0.471
2026-01-19T05:00:00+01:00,-2.3,0.998,16.0,16.0,0.546,0.545,14.0,14.0,0.486,0.485
2026-01-19T06:00:00+01:00,-2.2,1.312,14.0,16.0,0.0,0.0,14.0,14.0,0.482,0.633
2026-01-19T07:00:00+01:00,-2.0,1.669,12.0,15.8,0.0,0.0,14.0,14.0,0.474,0.791
2026-01-19T08:00:00+01:00,-2.7,1.835,12.0,15.6,0.0,0.0,14.0,14.0,0.504,0.924
2026-01-19T09:00:00+01:00,-2.4,1.697,12.0,15.39,0.0,0.0,14.0,14.0,0.491,0.833
2026-01-19T10:00:00+01:00,-2.1,1.429,12.0,15.19,0.0,0.0,14.0,14.0,0.478,0.683
2026-01-19T11:00:00+01:00,-1.6,1.292,14.0,14.99,0.0,0.0,14.0,14.0,0.457,0.59
2026-01-19T12:00:00+01:00,-1.4,1.257,14.0,14.81,0.0,0.0,14.0,14.0,0.449,0.564
2026-01-19T13:00:00+01:00,-1.5,1.337,14.0,14.63,0.0,0.0,14.0,14.0,0.453,0.605
2026-01-19T14:00:00+01:00,-2.0,1.518,14.0,14.44,0.0,0.0,14.0,14.0,0.474,0.719
2026-01-19T15:00:00+01:00,-2.1,1.785,14.0,14.26,0.0,0.0,14.0,14.0,0.478,0.853
2026-01-19T16:00:00+01:00,-2.5,2.084,12.0,14.08,0.0,0.0,14.0,14.0,0.495,1.032
2026-01-19T17:00:00+01:00,-3.1,2.212,12.0,13.89,0.0,0.0,14.0,14.0,0.521,1.153
2026-01-19T18:00:00+01:00,-3.4,2.087,12.0,13.7,0.0,0.0,14.0,14.0,0.535,1.116
2026-01-19T19:00:00+01:00,-3.6,1.888,14.0,13.51,1.192,2.25,14.0,14.0,0.544,1.027
2026-01-19T20:00:00+01:00,-3.4,1.639,14.0,13.75,1.189,1.948,14.0,14.0,0.535,0.877
2026-01-19T21:00:00+01:00,-3.4,1.404,14.0,13.99,0.566,0.794,14.0,14.0,0.535,0.751
2026-01-19T22:00:00+01:00,-3.5,1.315,16.0,14.0,1.19,1.565,14.0,14.0,0.539,0.709
2026-01-19T23:00:00+01:00,-3.6,1.166,16.0,14.24,1.192,1.39,14.0,14.0,0.544,0.634
2026-01-20T00:00:00+01:00,-4.0,1.194,16.0,14.47,1.198,1.43,14.0,14.0,0.562,0.671
2026-01-20T01:00:00+01:00,-4.2,1.189,16.0,14.69,1.201,1.428,14.0,14.0,0.572,0.68
2026-01-20T02:00:00+01:00,-3.7,1.148,16.0,14.91,1.193,1.37,14.0,14.0,0.549,0.63
2026-01-20T03:00:00+01:00,-3.9,1.143,16.0,15.14,1.196,1.367,14.0,14.0,0.558,0.638
2026-01-20T04:00:00+01:00,-4.0,1.175,16.0,15.35,1.198,1.407,14.0,14.0,0.562,0.661
2026-01-20T05:00:00+01:00,-4.0,1.299,16.0,15.57,1.198,1.556,14.0,14.0,0.562,0.731
2026-01-20T06:00:00+01:00,-4.0,1.955,12.0,15.78,0.0,0.0,14.0,14.0,0.562,1.1
2026-01-20T07:00:00+01:00,-4.1,2.543,12.0,15.56,0.0,0.0,14.0,14.0,0.567,1.442
2026-01-20T08:00:00+01:00,-4.1,2.85,12.0,15.33,0.0,0.0,14.0,14.0,0.567,1.617
2026-01-20T09:00:00+01:00,-4.1,2.399,12.0,15.12,0.0,0.0,14.0,14.0,0.567,1.36
2026-01-20T10:00:00+01:00,-4.1,1.951,12.0,14.9,0.0,0.0,14.0,14.0,0.567,1.106
2026-01-20T11:00:00+01:00,-3.9,1.488,14.0,14.69,0.0,0.0,14.0,14.0,0.558,0.83
2026-01-20T12:00:00+01:00,-3.5,1.31,16.0,14.48,1.19,1.559,14.0,14.0,0.539,0.706
2026-01-20T13:00:00+01:00,-3.5,1.391,14.0,14.71,0.0,0.0,14.0,14.0,0.539,0.75
2026-01-20T14:00:00+01:00,-3.7,1.64,12.0,14.5,0.0,0.0,14.0,14.0,0.549,0.9
2026-01-20T15:00:00+01:00,-3.8,2.064,12.0,14.3,0.0,0.0,14.0,14.0,0.553,1.142
2026-01-20T16:00:00+01:00,-4.0,2.933,12.0,14.1,0.0,0.0,14.0,14.0,0.562,1.65
2026-01-20T17:00:00+01:00,-4.2,2.691,12.0,13.89,0.0,0.0,14.0,14.0,0.572,1.539
2026-01-20T18:00:00+01:00,-3.9,2.14,12.0,13.69,0.0,0.0,14.0,14.0,0.558,1.194
2026-01-20T19:00:00+01:00,-4.1,1.932,12.0,13.49,0.0,0.0,14.0,14.0,0.567,1.096
2026-01-20T20:00:00+01:00,-4.2,1.657,12.0,13.29,0.0,0.0,14.0,14.0,0.572,0.948
2026-01-20T21:00:00+01:00,-4.2,1.485,12.0,13.1,0.0,0.0,14.0,14.0,0.572,0.849
2026-01-20T22:00:00+01:00,-4.1,1.251,14.0,12.9,1.2,1.501,14.0,14.0,0.567,0.71
2026-01-20T23:00:00+01:00,-4.0,1.123,14.0,13.14,1.198,1.345,14.0,14.0,0.562,0.631
2026-01-21T00:00:00+01:00,-3.9,1.035,16.0,13.38,1.196,1.238,14.0,14.0,0.558,0.577
2026-01-21T01:00:00+01:00,-3.7,1.015,16.0,13.62,1.193,1.211,14.0,14.0,0.549,0.557
2026-01-21T02:00:00+01:00,-2.6,0.998,16.0,13.85,1.176,1.174,14.0,14.0,0.499,0.498
2026-01-21T03:00:00+01:00,-2.2,0.982,16.0,14.11,1.171,1.15,14.0,14.0,0.482,0.474
2026-01-21T04:00:00+01:00,-2.2,0.967,16.0,14.37,1.171,1.132,14.0,14.0,0.482,0.466
2026-01-21T05:00:00+01:00,-2.5,0.998,16.0,14.62,1.175,1.173,14.0,14.0,0.495,0.494
2026-01-21T06:00:00+01:00,-2.6,1.098,14.0,14.87,0.0,0.0,14.0,14.0,0.499,0.548
2026-01-21T07:00:00+01:00,-2.7,1.389,14.0,14.68,0.0,0.0,14.0,14.0,0.504,0.7
2026-01-21T08:00:00+01:00,-2.8,1.618,12.0,14.48,0.0,0.0,14.0,14.0,0.508,0.822
2026-01-21T09:00:00+01:00,-2.9,1.503,12.0,14.29,0.0,0.0,14.0,14.0,0.512,0.77
2026-01-21T10:00:00+01:00,-3.0,1.28,14.0,14.09,0.269,0.344,14.0,14.0,0.517,0.662
2026-01-21T11:00:00+01:00,-2.9,1.11,14.0,14.0,0.512,0.569,14.0,14.0,0.512,0.569
2026-01-21T12:00:00+01:00,-2.5,1.084,16.0,14.0,1.175,1.274,14.0,14.0,0.495,0.537
2026-01-21T13:00:00+01:00,-2.3,1.108,14.0,14.26,0.0,0.0,14.0,14.0,0.486,0.539
2026-01-21T14:00:00+01:00,-1.7,1.174,12.0,14.07,0.0,0.0,14.0,14.0,0.461,0.541
2026-01-21T15:00:00+01:00,-1.5,1.327,12.0,13.89,0.0,0.0,14.0,14.0,0.453,0.601
2026-01-21T16:00:00+01:00,-1.4,1.49,12.0,13.72,0.0,0.0,14.0,14.0,0.449,0.669
2026-01-21T17:00:00+01:00,-1.6,1.411,12.0,13.55,0.0,0.0,14.0,14.0,0.457,0.645
2026-01-21T18:00:00+01:00,-1.7,1.288,12.0,13.38,0.0,0.0,14.0,14.0,0.461,0.594
2026-01-21T19:00:00+01:00,-1.8,1.134,12.0,13.21,0.0,0.0,14.0,14.0,0.465,0.528
2026-01-21T20:00:00+01:00,-2.5,1.063,14.0,13.04,1.175,1.25,14.0,14.0,0.495,0.526
2026-01-21T21:00:00+01:00,-2.7,1.008,14.0,13.31,1.178,1.187,14.0,14.0,0.504,0.508
2026-01-21T22:00:00+01:00,-2.9,1.013,14.0,13.56,1.181,1.196,14.0,14.0,0.512,0.519
2026-01-21T23:00:00+01:00,-3.0,0.928,16.0,13.82,1.182,1.097,14.0,14.0,0.517,0.48
2026-01-22T00:00:00+01:00,-3.1,0.912,16.0,14.07,1.184,1.08,14.0,14.0,0.521,0.476
2026-01-22T01:00:00+01:00,-3.2,0.892,16.0,14.31,1.185,1.058,14.0,14.0,0.526,0.469
2026-01-22T02:00:00+01:00,-3.0,0.877,16.0,14.55,1.182,1.036,14.0,14.0,0.517,0.453
2026-01-22T03:00:00+01:00,-3.0,0.875,16.0,14.79,1.182,1.035,14.0,14.0,0.517,0.453
2026-01-22T04:00:00+01:00,-3.0,0.885,16.0,15.03,1.182,1.046,14.0,14.0,0.517,0.457
2026-01-22T05:00:00+01:00,-3.0,0.914,16.0,15.26,1.182,1.081,14.0,14.0,0.517,0.472
2026-01-22T06:00:00+01:00,-3.0,0.977,16.0,15.49,1.182,1.155,14.0,14.0,0.517,0.505
2026-01-22T07:00:00+01:00,-3.0,1.11,14.0,15.72,0.0,0.0,14.0,14.0,0.517,0.574
2026-01-22T08:00:00+01:00,-3.2,1.288,12.0,15.51,0.0,0.0,14.0,14.0,0.526,0.677
2026-01-22T09:00:00+01:00,-3.4,1.181,12.0,15.3,0.0,0.0,14.0,14.0,0.535,0.632
2026-01-22T10:00:00+01:00,-3.7,1.022,14.0,15.09,0.0,0.0,14.0,14.0,0.549,0.561
2026-01-22T11:00:00+01:00,-3.9,0.977,16.0,14.88,1.196,1.168,14.0,14.0,0.558,0.545
2026-01-22T12:00:00+01:00,-3.9,0.96,16.0,15.1,1.196,1.149,14.0,14.0,0.558,0.536
2026-01-22T13:00:00+01:00,-3.8,0.973,16.0,15.32,1.195,1.162,14.0,14.0,0.553,0.538
2026-01-22T14:00:00+01:00,-4.0,1.016,16.0,15.54,1.198,1.218,14.0,14.0,0.562,0.572
2026-01-22T15:00:00+01:00,-4.1,1.112,14.0,15.75,0.0,0.0,14.0,14.0,0.567,0.631
2026-01-22T16:00:00+01:00,-4.4,1.267,12.0,15.52,0.0,0.0,14.0,14.0,0.581,0.737
2026-01-22T17:00:00+01:00,-4.8,1.399,12.0,15.3,0.0,0.0,14.0,14.0,0.601,0.84
2026-01-22T18:00:00+01:00,-5.0,1.216,12.0,15.07,0.0,0.0,14.0,14.0,0.611,0.742
2026-01-22T19:00:00+01:00,-5.0,1.128,14.0,14.85,0.0,0.0,14.0,14.0,0.611,0.689
2026-01-22T20:00:00+01:00,-4.7,1.075,14.0,14.62,0.0,0.0,14.0,14.0,0.596,0.641
2026-01-22T21:00:00+01:00,-4.9,1.059,14.0,14.41,0.0,0.0,14.0,14.0,0.606,0.642
2026-01-22T22:00:00+01:00,-5.3,1.03,14.0,14.19,0.085,0.088,14.0,14.0,0.626,0.645
2026-01-22T23:00:00+01:00,-5.8,0.99,16.0,14.0,1.228,1.216,14.0,14.0,0.651,0.645
2026-01-23T00:00:00+01:00,-6.3,1.011,16.0,14.2,1.237,1.25,14.0,14.0,0.678,0.685
2026-01-23T01:00:00+01:00,-6.4,1.0,16.0,14.38,1.239,1.239,14.0,14.0,0.683,0.683
2026-01-23T02:00:00+01:00,-5.5,0.975,16.0,14.57,1.223,1.192,14.0,14.0,0.636,0.62
2026-01-23T03:00:00+01:00,-5.8,0.95,16.0,14.76,1.228,1.166,14.0,14.0,0.651,0.619
2026-01-23T04:00:00+01:00,-5.9,0.981,16.0,14.95,1.23,1.207,14.0,14.0,0.657,0.644
2026-01-23T05:00:00+01:00,-5.9,1.008,16.0,15.14,1.23,1.239,14.0,14.0,0.657,0.662
2026-01-23T06:00:00+01:00,-6.1,1.025,14.0,15.32,0.0,0.0,14.0,14.0,0.667,0.684
2026-01-23T07:00:00+01:00,-6.2,1.228,12.0,15.08,0.0,0.0,14.0,14.0,0.672,0.826
2026-01-23T08:00:00+01:00,-6.3,1.477,12.0,14.84,0.0,0.0,14.0,14.0,0.678,1.001
2026-01-23T09:00:00+01:00,-6.2,1.437,12.0,14.6,0.0,0.0,14.0,14.0,0.672,0.966
2026-01-23T10:00:00+01:00,-6.2,1.217,12.0,14.37,0.0,0.0,14.0,14.0,0.672,0.818
2026-01-23T11:00:00+01:00,-6.1,1.062,14.0,14.13,0.274,0.291,14.0,14.0,0.667,0.708
2026-01-23T12:00:00+01:00,-6.0,1.024,16.0,14.0,1.232,1.261,14.0,14.0,0.662,0.678
2026-01-23T13:00:00+01:00,-5.9,1.031,16.0,14.19,1.23,1.268,14.0,14.0,0.657,0.677
2026-01-23T14:00:00+01:00,-5.9,1.028,16.0,14.39,1.23,1.264,14.0,14.0,0.657,0.675
2026-01-23T15:00:00+01:00,-5.9,1.138,14.0,14.58,0.0,0.0,14.0,14.0,0.657,0.747
2026-01-23T16:00:00+01:00,-6.1,1.28,12.0,14.35,0.0,0.0,14.0,14.0,0.667,0.854
2026-01-23T17:00:00+01:00,-6.4,1.423,12.0,14.12,0.0,0.0,14.0,14.0,0.683,0.972
2026-01-23T18:00:00+01:00,-6.6,1.34,12.0,13.89,0.0,0.0,14.0,14.0,0.694,0.93
2026-01-23T19:00:00+01:00,-6.6,1.21,12.0,13.66,0.0,0.0,14.0,14.0,0.694,0.839
2026-01-23T20:00:00+01:00,-6.6,1.116,14.0,13.43,1.243,1.386,14.0,14.0,0.694,0.774
2026-01-23T21:00:00+01:00,-6.7,1.084,14.0,13.62,1.244,1.349,14.0,14.0,0.699,0.758
2026-01-23T22:00:00+01:00,-7.2,1.061,14.0,13.8,1.254,1.33,14.0,14.0,0.727,0.772
2026-01-23T23:00:00+01:00,-7.5,1.017,16.0,13.98,1.26,1.282,14.0,14.0,0.744,0.757
2026-01-24T00:00:00+01:00,-7.4,0.988,16.0,14.15,1.258,1.242,14.0,14.0,0.738,0.729
2026-01-24T01:00:00+01:00,-7.1,0.98,16.0,14.31,1.252,1.227,14.0,14.0,0.722,0.707
2026-01-24T02:00:00+01:00,-6.8,1.008,16.0,14.49,1.246,1.257,14.0,14.0,0.705,0.711
2026-01-24T03:00:00+01:00,-6.9,1.003,16.0,14.66,1.248,1.252,14.0,14.0,0.71,0.713
2026-01-24T04:00:00+01:00,-7.1,0.993,16.0,14.83,1.252,1.243,14.0,14.0,0.722,0.717
2026-01-24T05:00:00+01:00,-7.4,1.004,16.0,15.0,1.258,1.262,14.0,14.0,0.738,0.741
2026-01-24T06:00:00+01:00,-7.8,1.0,16.0,15.15,1.266,1.266,14.0,14.0,0.762,0.762
2026-01-24T07:00:00+01:00,-8.4,1.07,14.0,15.3,0.0,0.0,14.0,14.0,0.797,0.854
2026-01-24T08:00:00+01:00,-7.6,1.093,14.0,15.04,0.0,0.0,14.0,14.0,0.75,0.82
2026-01-24T09:00:00+01:00,-7.6,1.181,12.0,14.78,0.0,0.0,14.0,14.0,0.75,0.885
2026-01-24T10:00:00+01:00,-8.2,1.212,12.0,14.53,0.0,0.0,14.0,14.0,0.785,0.952
2026-01-24T11:00:00+01:00,-7.9,1.146,14.0,14.27,0.0,0.0,14.0,14.0,0.768,0.879
2026-01-24T12:00:00+01:00,-6.8,1.124,14.0,14.02,0.632,0.711,14.0,14.0,0.705,0.792
2026-01-24T13:00:00+01:00,-6.6,1.078,14.0,14.0,0.694,0.748,14.0,14.0,0.694,0.748
2026-01-24T14:00:00+01:00,-6.4,1.109,14.0,14.0,0.683,0.758,14.0,14.0,0.683,0.758
2026-01-24T15:00:00+01:00,-6.4,1.224,12.0,14.0,0.0,0.0,14.0,14.0,0.683,0.836
2026-01-24T16:00:00+01:00,-6.4,1.354,12.0,13.77,0.0,0.0,14.0,14.0,0.683,0.925
2026-01-24T17:00:00+01:00,-6.8,1.491,12.0,13.54,0.0,0.0,14.0,14.0,0.705,1.051
2026-01-24T18:00:00+01:00,-6.7,1.435,12.0,13.31,0.0,0.0,14.0,14.0,0.699,1.003
2026-01-24T19:00:00+01:00,-6.7,1.338,12.0,13.09,0.0,0.0,14.0,14.0,0.699,0.935
2026-01-24T20:00:00+01:00,-6.7,1.204,12.0,12.87,0.0,0.0,14.0,14.0,0.699,0.842
2026-01-24T21:00:00+01:00,-6.4,1.146,14.0,12.65,1.239,1.42,14.0,14.0,0.683,0.783
2026-01-24T22:00:00+01:00,-6.1,1.1,14.0,12.85,1.233,1.356,14.0,14.0,0.667,0.734
2026-01-24T23:00:00+01:00,-6.5,1.014,16.0,13.05,1.241,1.258,14.0,14.0,0.688,0.698
2026-01-25T00:00:00+01:00,-6.8,1.003,16.0,13.25,1.246,1.25,14.0,14.0,0.705,0.707
2026-01-25T01:00:00+01:00,-6.8,1.042,16.0,13.44,1.246,1.298,14.0,14.0,0.705,0.734
2026-01-25T02:00:00+01:00,-8.1,1.027,16.0,13.62,1.272,1.305,14.0,14.0,0.779,0.8
2026-01-25T03:00:00+01:00,-7.5,1.017,16.0,13.78,1.26,1.28,14.0,14.0,0.744,0.757
2026-01-25T04:00:00+01:00,-7.4,1.009,16.0,13.95,1.258,1.269,14.0,14.0,0.738,0.745
2026-01-25T05:00:00+01:00,-7.6,0.994,16.0,14.12,1.262,1.254,14.0,14.0,0.75,0.746
2026-01-25T06:00:00+01:00,-7.5,0.957,16.0,14.29,1.26,1.205,14.0,14.0,0.744,0.712
2026-01-25T07:00:00+01:00,-7.7,0.997,16.0,14.45,1.264,1.26,14.0,14.0,0.756,0.753
2026-01-25T08:00:00+01:00,-7.5,1.028,16.0,14.61,1.26,1.295,14.0,14.0,0.744,0.765
2026-01-25T09:00:00+01:00,-7.1,1.066,16.0,14.77,1.252,1.335,14.0,14.0,0.722,0.769
2026-01-25T10:00:00+01:00,-7.3,1.157,14.0,14.94,0.0,0.0,14.0,14.0,0.733,0.848
2026-01-25T11:00:00+01:00,-7.0,1.19,14.0,14.69,0.0,0.0,14.0,14.0,0.716,0.852
2026-01-25T12:00:00+01:00,-6.5,1.235,12.0,14.44,0.0,0.0,14.0,14.0,0.688,0.85
2026-01-25T13:00:00+01:00,-6.2,1.198,14.0,14.21,0.062,0.074,14.0,14.0,0.672,0.805
2026-01-25T14:00:00+01:00,-5.9,1.18,16.0,14.0,1.23,1.451,14.0,14.0,0.657,0.774
2026-01-25T15:00:00+01:00,-5.6,1.182,14.0,14.2,0.079,0.093,14.0,14.0,0.641,0.758
2026-01-25T16:00:00+01:00,-6.0,1.237,14.0,14.0,0.662,0.819,14.0,14.0,0.662,0.819
2026-01-25T17:00:00+01:00,-6.6,1.354,14.0,14.0,0.694,0.939,14.0,14.0,0.694,0.939
2026-01-25T18:00:00+01:00,-7.1,1.414,14.0,14.0,0.722,1.02,14.0,14.0,0.722,1.02
2026-01-25T19:00:00+01:00,-7.0,1.355,14.0,14.0,0.716,0.97,14.0,14.0,0.716,0.97
2026-01-25T20:00:00+01:00,-7.5,1.274,14.0,14.0,0.744,0.948,14.0,14.0,0.744,0.948
2026-01-25T21:00:00+01:00,-8.2,1.179,16.0,14.0,1.274,1.501,14.0,14.0,0.785,0.926
2026-01-25T22:00:00+01:00,-9.9,1.142,16.0,14.16,1.31,1.496,14.0,14.0,0.893,1.02
2026-01-25T23:00:00+01:00,-11.7,1.075,16.0,14.28,1.354,1.455,14.0,14.0,1.022,1.098
2026-01-26T00:00:00+01:00,-13.7,1.062,16.0,14.37,1.409,1.497,14.0,14.0,1.185,1.258
2026-01-26T01:00:00+01:00,-15.4,1.041,16.0,14.42,1.463,1.523,14.0,14.0,1.345,1.399
2026-01-26T02:00:00+01:00,-16.3,1.019,16.0,14.45,1.495,1.523,14.0,14.0,1.438,1.465
2026-01-26T03:00:00+01:00,-16.6,1.01,16.0,14.46,1.506,1.521,14.0,14.0,1.471,1.485
2026-01-26T04:00:00+01:00,-16.9,0.991,16.0,14.46,1.518,1.504,14.0,14.0,1.505,1.491
2026-01-26T05:00:00+01:00,-17.7,1.025,16.0,14.46,1.536,1.574,14.0,14.0,1.536,1.574
2026-01-26T06:00:00+01:00,-18.4,1.176,16.0,14.44,1.517,1.783,14.0,13.99,1.517,1.783
2026-01-26T07:00:00+01:00,-18.9,1.658,14.0,14.41,0.0,0.0,14.0,13.97,1.503,2.492
2026-01-26T08:00:00+01:00,-19.7,1.881,14.0,14.04,1.481,2.786,14.0,13.93,1.481,2.786
2026-01-26T09:00:00+01:00,-20.1,1.919,14.0,13.99,1.469,2.82,14.0,13.89,1.469,2.82
2026-01-26T10:00:00+01:00,-19.8,1.914,14.0,13.94,1.478,2.828,14.0,13.84,1.478,2.828
2026-01-26T11:00:00+01:00,-18.3,1.83,14.0,13.89,1.519,2.78,14.0,13.79,1.519,2.78
2026-01-26T12:00:00+01:00,-15.7,1.665,14.0,13.87,1.474,2.454,14.0,13.77,1.474,2.454
2026-01-26T13:00:00+01:00,-12.8,1.603,14.0,13.9,1.383,2.217,14.0,13.8,1.383,2.217
2026-01-26T14:00:00+01:00,-12.0,1.559,14.0,13.97,1.137,1.772,14.0,13.88,1.362,2.122
2026-01-26T15:00:00+01:00,-10.6,1.67,14.0,14.0,0.941,1.572,14.0,13.97,1.056,1.763
2026-01-26T16:00:00+01:00,-9.8,1.759,12.0,14.0,0.0,0.0,14.0,14.0,0.887,1.559
2026-01-26T17:00:00+01:00,-9.9,1.891,12.0,13.73,0.0,0.0,14.0,14.0,0.893,1.689
2026-01-26T18:00:00+01:00,-9.7,1.884,12.0,13.47,0.0,0.0,14.0,14.0,0.88,1.658
2026-01-26T19:00:00+01:00,-9.5,1.791,12.0,13.21,0.0,0.0,14.0,14.0,0.867,1.553
2026-01-26T20:00:00+01:00,-10.1,1.571,14.0,12.95,1.315,2.065,14.0,14.0,0.907,1.424
2026-01-26T21:00:00+01:00,-10.4,1.423,14.0,13.08,1.322,1.881,14.0,14.0,0.927,1.32
2026-01-26T22:00:00+01:00,-10.8,1.244,16.0,13.21,1.331,1.657,14.0,14.0,0.955,1.189
2026-01-26T23:00:00+01:00,-11.4,1.142,16.0,13.33,1.346,1.537,14.0,14.0,0.999,1.141
2026-01-27T00:00:00+01:00,-11.4,1.191,16.0,13.44,1.346,1.603,14.0,14.0,0.999,1.19
2026-01-27T01:00:00+01:00,-11.5,1.141,16.0,13.54,1.349,1.539,14.0,14.0,1.007,1.148
2026-01-27T02:00:00+01:00,-11.7,1.09,16.0,13.64,1.354,1.476,14.0,14.0,1.022,1.114
2026-01-27T03:00:00+01:00,-12.0,1.068,16.0,13.74,1.362,1.455,14.0,14.0,1.045,1.116
2026-01-27T04:00:00+01:00,-12.7,1.064,16.0,13.83,1.38,1.468,14.0,14.0,1.1,1.17
2026-01-27T05:00:00+01:00,-12.5,1.099,16.0,13.91,1.375,1.512,14.0,14.0,1.084,1.192
2026-01-27T06:00:00+01:00,-12.6,1.305,14.0,13.99,1.114,1.454,14.0,14.0,1.092,1.425
2026-01-27T07:00:00+01:00,-12.5,1.717,14.0,14.0,1.084,1.861,14.0,14.0,1.084,1.861
2026-01-27T08:00:00+01:00,-12.1,2.123,14.0,14.0,1.052,2.235,14.0,14.0,1.052,2.235
2026-01-27T09:00:00+01:00,-12.4,2.173,14.0,14.0,1.076,2.339,14.0,14.0,1.076,2.339
2026-01-27T10:00:00+01:00,-12.4,2.037,14.0,14.0,1.076,2.193,14.0,14.0,1.076,2.193
2026-01-27T11:00:00+01:00,-11.3,1.686,14.0,14.0,0.992,1.672,14.0,14.0,0.992,1.672
2026-01-27T12:00:00+01:00,-10.5,1.497,14.0,14.0,0.934,1.399,14.0,14.0,0.934,1.399
2026-01-27T13:00:00+01:00,-9.7,1.43,14.0,14.0,0.88,1.258,14.0,14.0,0.88,1.258
2026-01-27T14:00:00+01:00,-9.6,1.435,14.0,14.0,0.873,1.253,14.0,14.0,0.873,1.253
2026-01-27T15:00:00+01:00,-9.3,1.627,12.0,14.0,0.0,0.0,14.0,14.0,0.854,1.389
2026-01-27T16:00:00+01:00,-9.6,1.894,12.0,13.74,0.0,0.0,14.0,14.0,0.873,1.654
2026-01-27T17:00:00+01:00,-10.5,2.123,14.0,13.48,1.324,2.812,14.0,14.0,0.934,1.984
2026-01-27T18:00:00+01:00,-11.3,1.768,14.0,13.6,1.344,2.375,14.0,14.0,0.992,1.753
2026-01-27T19:00:00+01:00,-12.2,1.52,14.0,13.7,1.367,2.078,14.0,14.0,1.06,1.612
2026-01-27T20:00:00+01:00,-12.0,1.307,14.0,13.79,1.362,1.78,14.0,14.0,1.045,1.366
2026-01-27T21:00:00+01:00,-12.8,1.272,14.0,13.88,1.383,1.76,14.0,14.0,1.108,1.41
2026-01-27T22:00:00+01:00,-13.4,1.267,14.0,13.96,1.317,1.668,14.0,14.0,1.159,1.468
2026-01-27T23:00:00+01:00,-14.2,1.168,16.0,14.0,1.424,1.664,14.0,14.0,1.23,1.437
2026-01-28T00:00:00+01:00,-14.8,1.105,16.0,14.05,1.443,1.594,14.0,14.0,1.286,1.42
2026-01-28T01:00:00+01:00,-14.9,1.09,16.0,14.09,1.447,1.577,14.0,14.0,1.295,1.412
2026-01-28T02:00:00+01:00,-13.1,1.083,16.0,14.13,1.392,1.507,14.0,14.0,1.133,1.227
2026-01-28T03:00:00+01:00,-13.3,1.063,16.0,14.19,1.397,1.485,14.0,14.0,1.15,1.222
2026-01-28T04:00:00+01:00,-13.2,1.087,16.0,14.26,1.395,1.515,14.0,14.0,1.142,1.241
2026-01-28T05:00:00+01:00,-13.0,1.113,16.0,14.32,1.389,1.546,14.0,14.0,1.125,1.253
2026-01-28T06:00:00+01:00,-13.0,1.213,16.0,14.39,1.389,1.685,14.0,14.0,1.125,1.365
2026-01-28T07:00:00+01:00,-12.9,1.524,14.0,14.46,0.0,0.0,14.0,14.0,1.117,1.702
2026-01-28T08:00:00+01:00,-13.2,1.832,14.0,14.15,0.589,1.079,14.0,14.0,1.142,2.092
2026-01-28T09:00:00+01:00,-12.9,1.846,14.0,14.0,1.117,2.062,14.0,14.0,1.117,2.062
2026-01-28T10:00:00+01:00,-12.6,1.831,14.0,14.0,1.092,1.999,14.0,14.0,1.092,1.999
2026-01-28T11:00:00+01:00,-11.7,1.762,14.0,14.0,1.022,1.8,14.0,14.0,1.022,1.8
2026-01-28T12:00:00+01:00,-10.7,1.663,14.0,14.0,0.948,1.577,14.0,14.0,0.948,1.577
2026-01-28T13:00:00+01:00,-9.9,1.564,14.0,14.0,0.893,1.397,14.0,14.0,0.893,1.397
2026-01-28T14:00:00+01:00,-10.0,1.504,14.0,14.0,0.9,1.354,14.0,14.0,0.9,1.354
2026-01-28T15:00:00+01:00,-9.5,1.506,14.0,14.0,0.867,1.305,14.0,14.0,0.867,1.305
2026-01-28T16:00:00+01:00,-9.4,1.56,14.0,14.0,0.86,1.342,14.0,14.0,0.86,1.342
2026-01-28T17:00:00+01:00,-9.8,1.766,12.0,14.0,0.0,0.0,14.0,14.0,0.887,1.565
2026-01-28T18:00:00+01:00,-9.9,1.807,12.0,13.73,0.0,0.0,14.0,14.0,0.893,1.614
2026-01-28T19:00:00+01:00,-9.8,1.703,12.0,13.47,0.0,0.0,14.0,14.0,0.887,1.51
2026-01-28T20:00:00+01:00,-11.2,1.436,14.0,13.2,1.341,1.926,14.0,14.0,0.984,1.414
2026-01-28T21:00:00+01:00,-11.7,1.26,14.0,13.32,1.354,1.706,14.0,14.0,1.022,1.287
2026-01-28T22:00:00+01:00,-11.8,1.224,16.0,13.42,1.356,1.66,14.0,14.0,1.029,1.259
2026-01-28T23:00:00+01:00,-11.8,1.16,16.0,13.52,1.356,1.573,14.0,14.0,1.029,1.194
2026-01-29T00:00:00+01:00,-11.9,1.1,16.0,13.61,1.359,1.494,14.0,14.0,1.037,1.14
2026-01-29T01:00:00+01:00,-12.2,1.1,16.0,13.71,1.367,1.504,14.0,14.0,1.06,1.166
2026-01-29T02:00:00+01:00,-12.0,1.078,16.0,13.8,1.362,1.467,14.0,14.0,1.045,1.126
2026-01-29T03:00:00+01:00,-12.2,1.058,16.0,13.89,1.367,1.446,14.0,14.0,1.06,1.122
2026-01-29T04:00:00+01:00,-12.2,1.069,16.0,13.98,1.367,1.461,14.0,14.0,1.06,1.133
2026-01-29T05:00:00+01:00,-12.3,1.119,16.0,14.06,1.37,1.533,14.0,14.0,1.068,1.195
2026-01-29T06:00:00+01:00,-12.5,1.248,14.0,14.14,0.567,0.708,14.0,14.0,1.084,1.353
2026-01-29T07:00:00+01:00,-13.2,1.584,14.0,14.0,1.142,1.809,14.0,14.0,1.142,1.809
2026-01-29T08:00:00+01:00,-15.7,1.771,14.0,14.0,1.375,2.435,14.0,14.0,1.375,2.435
2026-01-29T09:00:00+01:00,-15.8,1.789,14.0,14.0,1.385,2.479,14.0,14.0,1.385,2.479
2026-01-29T10:00:00+01:00,-15.8,1.719,14.0,14.0,1.385,2.381,14.0,14.0,1.385,2.381
2026-01-29T11:00:00+01:00,-15.1,1.63,14.0,14.0,1.315,2.143,14.0,14.0,1.315,2.143
2026-01-29T12:00:00+01:00,-14.3,1.531,14.0,14.0,1.239,1.896,14.0,14.0,1.239,1.896
2026-01-29T13:00:00+01:00,-13.5,1.526,14.0,14.0,1.167,1.782,14.0,14.0,1.167,1.782
2026-01-29T14:00:00+01:00,-13.2,1.53,14.0,14.0,1.142,1.747,14.0,14.0,1.142,1.747
2026-01-29T15:00:00+01:00,-12.6,1.578,14.0,14.0,1.092,1.723,14.0,14.0,1.092,1.723
2026-01-29T16:00:00+01:00,-12.5,1.628,14.0,14.0,1.084,1.765,14.0,14.0,1.084,1.765
2026-01-29T17:00:00+01:00,-12.9,1.701,14.0,14.0,1.117,1.899,14.0,14.0,1.117,1.899
2026-01-29T18:00:00+01:00,-12.8,1.661,14.0,14.0,1.108,1.841,14.0,14.0,1.108,1.841
2026-01-29T19:00:00+01:00,-13.0,1.495,14.0,14.0,1.125,1.682,14.0,14.0,1.125,1.682
2026-01-29T20:00:00+01:00,-12.9,1.319,14.0,14.0,1.117,1.473,14.0,14.0,1.117,1.473
2026-01-29T21:00:00+01:00,-13.0,1.215,14.0,14.0,1.125,1.367,14.0,14.0,1.125,1.367
2026-01-29T22:00:00+01:00,-12.9,1.166,14.0,14.0,1.117,1.302,14.0,14.0,1.117,1.302
2026-01-29T23:00:00+01:00,-12.5,1.085,16.0,14.0,1.375,1.492,14.0,14.0,1.084,1.177
2026-01-30T00:00:00+01:00,-12.2,1.113,16.0,14.08,1.367,1.521,14.0,14.0,1.06,1.18
2026-01-30T01:00:00+01:00,-12.2,1.068,16.0,14.16,1.367,1.459,14.0,14.0,1.06,1.132
2026-01-30T02:00:00+01:00,-12.0,1.045,16.0,14.25,1.362,1.422,14.0,14.0,1.045,1.091
2026-01-30T03:00:00+01:00,-11.7,1.023,16.0,14.33,1.354,1.384,14.0,14.0,1.022,1.045
2026-01-30T04:00:00+01:00,-11.3,1.021,16.0,14.42,1.344,1.372,14.0,14.0,0.992,1.013
2026-01-30T05:00:00+01:00,-11.1,1.027,16.0,14.52,1.339,1.374,14.0,14.0,0.977,1.003
2026-01-30T06:00:00+01:00,-10.8,1.169,14.0,14.62,0.0,0.0,14.0,14.0,0.955,1.117
2026-01-30T07:00:00+01:00,-10.5,1.372,14.0,14.33,0.0,0.0,14.0,14.0,0.934,1.282
2026-01-30T08:00:00+01:00,-11.0,1.493,14.0,14.05,0.787,1.176,14.0,14.0,0.97,1.448
2026-01-30T09:00:00+01:00,-10.6,1.633,14.0,14.0,0.941,1.537,14.0,14.0,0.941,1.537
2026-01-30T10:00:00+01:00,-10.3,1.424,14.0,14.0,0.92,1.311,14.0,14.0,0.92,1.311
2026-01-30T11:00:00+01:00,-9.9,1.337,12.0,14.0,0.0,0.0,14.0,14.0,0.893,1.194
2026-01-30T12:00:00+01:00,-9.2,1.263,14.0,13.73,1.295,1.636,14.0,14.0,0.847,1.071
2026-01-30T13:00:00+01:00,-8.7,1.184,12.0,13.87,0.0,0.0,14.0,14.0,0.816,0.966
2026-01-30T14:00:00+01:00,-7.5,1.166,12.0,13.62,0.0,0.0,14.0,14.0,0.744,0.868
2026-01-30T15:00:00+01:00,-7.2,1.164,12.0,13.38,0.0,0.0,14.0,14.0,0.727,0.847
2026-01-30T16:00:00+01:00,-7.2,1.21,12.0,13.15,0.0,0.0,14.0,14.0,0.727,0.88
2026-01-30T17:00:00+01:00,-7.7,1.307,12.0,12.92,0.0,0.0,14.0,14.0,0.756,0.988
2026-01-30T18:00:00+01:00,-8.0,1.291,12.0,12.69,0.0,0.0,14.0,14.0,0.773,0.999
2026-01-30T19:00:00+01:00,-8.1,1.168,12.0,12.46,0.0,0.0,14.0,14.0,0.779,0.91
2026-01-30T20:00:00+01:00,-8.8,1.101,12.0,12.22,0.04,0.044,14.0,14.0,0.822,0.905
2026-01-30T21:00:00+01:00,-8.4,1.035,14.0,12.0,1.278,1.322,14.0,14.0,0.797,0.825
2026-01-30T22:00:00+01:00,-8.1,1.011,14.0,12.17,1.272,1.285,14.0,14.0,0.779,0.788
2026-01-30T23:00:00+01:00,-8.3,0.885,16.0,12.35,1.276,1.129,14.0,14.0,0.791,0.7
2026-01-31T00:00:00+01:00,-8.5,0.881,16.0,12.52,1.28,1.127,14.0,14.0,0.804,0.708
2026-01-31T01:00:00+01:00,-8.8,0.827,16.0,12.69,1.286,1.064,14.0,14.0,0.822,0.68
2026-01-31T02:00:00+01:00,-8.7,0.762,16.0,12.85,1.284,0.978,14.0,14.0,0.816,0.622
2026-01-31T03:00:00+01:00,-9.1,0.752,16.0,13.01,1.292,0.972,14.0,14.0,0.841,0.633
2026-01-31T04:00:00+01:00,-9.4,0.735,16.0,13.16,1.299,0.955,14.0,14.0,0.86,0.633
2026-01-31T05:00:00+01:00,-10.1,0.741,16.0,13.3,1.315,0.974,14.0,14.0,0.907,0.672
2026-01-31T06:00:00+01:00,-10.4,0.733,16.0,13.43,1.322,0.969,14.0,14.0,0.927,0.68
2026-01-31T07:00:00+01:00,-11.4,0.757,16.0,13.56,1.346,1.019,14.0,14.0,0.999,0.756
2026-01-31T08:00:00+01:00,-13.1,0.919,14.0,13.66,1.392,1.279,14.0,14.0,1.133,1.042
2026-01-31T09:00:00+01:00,-14.0,1.078,14.0,13.73,1.418,1.529,14.0,14.0,1.212,1.306
2026-01-31T10:00:00+01:00,-14.4,1.097,14.0,13.79,1.431,1.569,14.0,14.0,1.248,1.369
2026-01-31T11:00:00+01:00,-13.8,1.062,14.0,13.84,1.412,1.5,14.0,14.0,1.194,1.268
2026-01-31T12:00:00+01:00,-12.4,1.032,14.0,13.9,1.372,1.417,14.0,14.0,1.076,1.111
2026-01-31T13:00:00+01:00,-10.9,1.04,14.0,13.98,1.024,1.065,14.0,14.0,0.963,1.001
2026-01-31T14:00:00+01:00,-9.6,1.01,14.0,14.0,0.873,0.882,14.0,14.0,0.873,0.882
2026-01-31T15:00:00+01:00,-9.3,1.128,12.0,14.0,0.0,0.0,14.0,14.0,0.854,0.963
2026-01-31T16:00:00+01:00,-10.3,1.189,14.0,13.74,1.319,1.568,14.0,14.0,0.92,1.094
2026-01-31T17:00:00+01:00,-11.8,1.202,14.0,13.86,1.356,1.63,14.0,14.0,1.029,1.237
2026-01-31T18:00:00+01:00,-12.3,1.116,14.0,13.95,1.235,1.379,14.0,14.0,1.068,1.192
2026-01-31T19:00:00+01:00,-12.4,1.073,14.0,14.0,1.076,1.154,14.0,14.0,1.076,1.154
2026-01-31T20:00:00+01:00,-14.3,1.009,14.0,14.0,1.239,1.25,14.0,14.0,1.239,1.25
2026-01-31T21:00:00+01:00,-14.0,0.952,14.0,14.0,1.212,1.154,14.0,14.0,1.212,1.154
2026-01-31T22:00:00+01:00,-14.3,0.884,16.0,14.0,1.428,1.262,14.0,14.0,1.239,1.095
2026-01-31T23:00:00+01:00,-14.3,0.817,16.0,14.05,1.428,1.167,14.0,14.0,1.239,1.012
